id,Region,Country,Category,Subcategory,Global_Brand_Owner,pct_2015,pct_2016,pct_2017,Unit2015,Unit2016,Unit2017,Growth_pct_2015_2016,Growth_pct_2016_2017
008AB8B5,WE,Austria,Footwear,Children's Footwear,H&M Hennes & Mauritz AB,2.8,2.7,2.7,5.1,5.1,5.2,0.2,0.2,,
A8E3AFB0,WE,Austria,Footwear,Children's Footwear,adidas Group,2.1,2.4,2.4,4,4.5,4.6,13.4,0.7,,
C449D021,WE,Austria,Footwear,Children's Footwear,Nike Inc,1.8,1.8,1.8,3.3,3.3,3.5,2.4,2.3,,
D0052E12,WE,Austria,Footwear,Children's Footwear,Skechers USA Inc,1,1.1,1.1,1.8,2,2.1,13,2.2,,
FB2D2CB2,WE,Austria,Footwear,Children's Footwear,Under Armour Inc,0.4,0.7,0.7,0.8,1.2,1.3,61.8,4.5,,
1A48534E,WE,Austria,Footwear,Children's Footwear,New Balance Athletic Shoe Inc,0.3,0.3,0.3,0.6,0.6,0.6,-7.9,-7.5,,
671D446B,WE,Austria,Footwear,Children's Footwear,Inditex, Industria de Diseño Textil SA,0.2,0.2,0.2,0.4,0.4,0.4,9.4,8.6,,
A3D66441,WE,Austria,Footwear,Children's Footwear,Lacoste SA,0,0,0,0,0,0,0,0,,
60D76174,WE,Austria,Footwear,Men's Footwear,adidas Group,6.5,7.3,7.3,30,34.2,35.4,14.6,1.5,,
C62298AF,WE,Austria,Footwear,Men's Footwear,Nike Inc,4.5,4.6,4.6,21,21.5,22.3,3.1,1.5,,
EA5CB08A,WE,Austria,Footwear,Men's Footwear,H&M Hennes & Mauritz AB,1.4,1.4,1.3,6.4,6.4,6.5,0.2,0.2,,
418F5D83,WE,Austria,Footwear,Men's Footwear,New Balance Athletic Shoe Inc,0.6,0.6,0.5,2.7,2.6,2.7,-1.6,-1.3,,
E7E69125,WE,Austria,Footwear,Men's Footwear,Under Armour Inc,0.3,0.4,0.4,1.2,2,2.1,62.7,6.7,,
20330D93,WE,Austria,Footwear,Men's Footwear,Inditex, Industria de Diseño Textil SA,0.3,0.3,0.3,1.2,1.3,1.4,9.3,9.6,,
F92CD452,WE,Austria,Footwear,Men's Footwear,Skechers USA Inc,0.2,0.2,0.2,0.8,0.9,1,13.3,4.7,,
C5B9EA18,WE,Austria,Footwear,Men's Footwear,Deckers Outdoor Corp,0.1,0.1,0.1,0.7,0.7,0.7,-1.6,-3.3,,
F061E90F,WE,Austria,Footwear,Men's Footwear,Lacoste SA,0,0,0,0,0,0,0,0,,
81EC6F25,WE,Austria,Footwear,Women's Footwear,H&M Hennes & Mauritz AB,1.5,1.5,1.4,14.6,14.5,14.8,0.2,0.1,,
C2141DB1,WE,Austria,Footwear,Women's Footwear,adidas Group,1.2,1.4,1.4,12.2,13.8,14,13.1,0.3,,
E43E55B7,WE,Austria,Footwear,Women's Footwear,Nike Inc,1,1,1,9.4,9.6,10,2.8,1.5,,
F0627448,WE,Austria,Footwear,Women's Footwear,Inditex, Industria de Diseño Textil SA,0.2,0.3,0.3,2.3,2.5,2.7,8.5,4.4,,
A03BD5B6,WE,Austria,Footwear,Women's Footwear,Skechers USA Inc,0.2,0.2,0.2,2.3,2.5,2.6,5.7,1.8,,
87E6BA64,WE,Austria,Footwear,Women's Footwear,New Balance Athletic Shoe Inc,0.2,0.2,0.2,2.3,2.3,2.3,-0.5,-0.5,,
81EFFDEE,WE,Austria,Footwear,Women's Footwear,Under Armour Inc,0.1,0.2,0.2,0.9,1.5,1.7,63.5,9.4,,
5C9DD558,WE,Austria,Footwear,Women's Footwear,Lacoste SA,0,0,0,0,0,0,0,0,,
C6A30DE6,WE,Denmark,Footwear,Children's Footwear,H&M Hennes & Mauritz AB,8.4,8.8,9.2,13.1,14,15.1,6.9,6.2,,
9CF483ED,WE,Denmark,Footwear,Children's Footwear,adidas Group,6.5,7.5,8.4,10.2,11.9,13.9,16.8,15.3,,
961A52ED,WE,Denmark,Footwear,Children's Footwear,Nike Inc,6,6.1,6.3,9.3,9.7,10.4,4.3,5.9,,
3F689B73,WE,Denmark,Footwear,Children's Footwear,Asics Corp,1.8,1.8,1.8,2.8,2.9,3,3.2,2.5,,
22B36EC6,WE,Denmark,Footwear,Children's Footwear,Inditex, Industria de Diseño Textil SA,0.3,0.3,0.3,0.5,0.5,0.5,0,2.5,,
8AEC7297,WE,Denmark,Footwear,Children's Footwear,Tommy Hilfiger Group,0,0,0,0,0,0,0,0,,
A45310B7,WE,Denmark,Footwear,Men's Footwear,adidas Group,7.7,8.8,9.9,23.4,27.4,31.8,16.8,14.4,,
67339D64,WE,Denmark,Footwear,Men's Footwear,Nike Inc,8,8.1,8.4,24.2,25.2,27.2,4.3,5.8,,
31AD3095,WE,Denmark,Footwear,Men's Footwear,H&M Hennes & Mauritz AB,4.6,4.8,5,14,15,16.2,6.9,6.3,,
2E1EE0F2,WE,Denmark,Footwear,Men's Footwear,Asics Corp,3.8,3.9,3.9,11.6,12,12.5,3.2,2.7,,
A6EADACB,WE,Denmark,Footwear,Men's Footwear,Inditex, Industria de Diseño Textil SA,0.3,0.2,0.2,0.8,0.8,0.8,0,2.5,,
EB00575E,WE,Denmark,Footwear,Men's Footwear,New Balance Athletic Shoe Inc,0.2,0.2,0.2,0.6,0.6,0.6,4.2,6.3,,
1970EE59,WE,Denmark,Footwear,Men's Footwear,Tommy Hilfiger Group,0,0,0,0,0,0,0,0,,
FE371D4F,WE,Denmark,Footwear,Women's Footwear,H&M Hennes & Mauritz AB,5.6,5.9,6.1,28,29.9,32.4,6.9,6.2,,
D71450C2,WE,Denmark,Footwear,Women's Footwear,Nike Inc,4.9,5,5.1,24.2,25.2,26.8,4.3,4.5,,
EF062471,WE,Denmark,Footwear,Women's Footwear,adidas Group,2.4,2.7,3,11.7,13.7,15.9,16.9,14.4,,
22DB41A0,WE,Denmark,Footwear,Women's Footwear,Asics Corp,2.9,3,3,14.6,15,15.7,3.2,2.7,,
B7AEF6E1,WE,Denmark,Footwear,Women's Footwear,Inditex, Industria de Diseño Textil SA,0.5,0.5,0.4,2.3,2.3,2.3,-1.4,-0.9,,
B732C783,WE,Denmark,Footwear,Women's Footwear,Tommy Hilfiger Group,0,0,0,0,0,0,0,0,,
84635E2E,WE,France,Footwear,Children's Footwear,Nike Inc,10.3,11.2,11.9,182.8,195.3,209.5,7.1,5.4,,
74E4C4F8,WE,France,Footwear,Children's Footwear,adidas Group,5.3,5.8,6.6,93.7,101.2,115.8,8.2,12.5,,
D01F9999,WE,France,Footwear,Children's Footwear,Skechers USA Inc,0.3,0.4,0.4,6,6.4,7.1,8,7.7,,
5FF6ABA1,WE,France,Footwear,Children's Footwear,New Balance Athletic Shoe Inc,0.3,0.3,0.3,5.5,5.7,6.1,5.1,4.9,,
521507C3,WE,France,Footwear,Children's Footwear,H&M Hennes & Mauritz AB,0.2,0.2,0.2,3.9,4,4.1,2.4,2.5,,
741F30A2,WE,France,Footwear,Children's Footwear,Deckers Outdoor Corp,0.1,0.1,0.1,2.5,2.5,2.6,2.7,2.4,,
2EB285E3,WE,France,Footwear,Children's Footwear,Lacoste SA,0,0,0,0,0,0,0,0,,
FEC8C852,WE,France,Footwear,Men's Footwear,adidas Group,9.9,11,12.1,300.7,331,373.3,10.4,10.9,,
40210919,WE,France,Footwear,Men's Footwear,Nike Inc,8.7,9.1,9.2,263.8,272.1,282.4,3.4,2,,
94DB80C1,WE,France,Footwear,Men's Footwear,Asics Corp,2.7,2.9,3.3,80.8,88.4,99.9,9.7,11.1,,
830C2F41,WE,France,Footwear,Men's Footwear,Inditex, Industria de Diseño Textil SA,1.5,1.5,1.5,45.9,46.2,47.5,0.8,1.1,,
E21A6161,WE,France,Footwear,Men's Footwear,Mizuno Corp,0.8,0.8,0.9,23.6,25.2,27.2,6.9,6,,
511FCFB9,WE,France,Footwear,Men's Footwear,New Balance Athletic Shoe Inc,0.7,0.8,0.9,22.3,24,26.2,8.2,7.2,,
21DF9D4E,WE,France,Footwear,Men's Footwear,H&M Hennes & Mauritz AB,0.5,0.5,0.6,15,15.9,17.4,6.7,7.3,,
BFBF85DE,WE,France,Footwear,Men's Footwear,Deckers Outdoor Corp,0.3,0.3,0.3,8.3,8.4,8.6,0.9,1.2,,
6F47B251,WE,France,Footwear,Men's Footwear,Gap Inc, The,0.2,0.2,0.2,5.4,5.2,5,-3.1,-4.9,,
285867B4,WE,France,Footwear,Men's Footwear,Columbia Sportswear Co,0.1,0.1,0.1,4.1,4.2,4.4,2.4,2.3,,
6348C1F9,WE,France,Footwear,Men's Footwear,Skechers USA Inc,0.1,0.1,0.1,3.6,3.9,4.3,8.4,8.6,,
D8FC57B5,WE,France,Footwear,Men's Footwear,Lacoste SA,0,0,0,0,0,0,0,0,,
D134BC89,WE,France,Footwear,Women's Footwear,Nike Inc,5.1,5.5,5.8,213.4,226.8,238.5,6.6,3.3,,
E2F9AF44,WE,France,Footwear,Women's Footwear,adidas Group,3.6,4,4.5,150.6,164,183.4,9.2,9.9,,
E2FA34A3,WE,France,Footwear,Women's Footwear,Asics Corp,2,2.2,2.6,84,92.1,105,10,12,,
99192B87,WE,France,Footwear,Women's Footwear,Inditex, Industria de Diseño Textil SA,2,2,2.1,82.7,83.3,87.7,0.9,3.5,,
7760E5CD,WE,France,Footwear,Women's Footwear,H&M Hennes & Mauritz AB,0.5,0.6,0.6,20.5,22.7,25.3,11,9.5,,
6B57592A,WE,France,Footwear,Women's Footwear,New Balance Athletic Shoe Inc,0.4,0.4,0.5,17.4,18.4,19.9,6.3,6.1,,
E2BC4E29,WE,France,Footwear,Women's Footwear,Mizuno Corp,0.3,0.3,0.4,12.4,13.6,15.3,9.6,10.8,,
B98DEC1B,WE,France,Footwear,Women's Footwear,Deckers Outdoor Corp,0.2,0.2,0.2,7.8,6.9,6.8,-11.6,-2.4,,
0F5FE628,WE,France,Footwear,Women's Footwear,Gap Inc, The,0.2,0.2,0.2,7.1,6.8,6.7,-4,-2.3,,
F4D4BE25,WE,France,Footwear,Women's Footwear,Skechers USA Inc,0.1,0.1,0.1,4.1,4.6,5.1,11,9.6,,
4BC5CE2B,WE,France,Footwear,Women's Footwear,Lacoste SA,0,0,0,0,0,0,0,0,,
B2EBCFB7,WE,Germany,Footwear,Children's Footwear,adidas Group,4.4,5.3,6.2,87.2,104.6,127.2,20.3,19.5,,
A35BCB76,WE,Germany,Footwear,Children's Footwear,Nike Inc,4.5,4.8,4.8,90.2,95.1,98.1,5.6,1.4,,
795E78D1,WE,Germany,Footwear,Children's Footwear,Asics Corp,1.1,1.2,1.2,22.6,23.2,23.8,2.8,1,,
584A2F91,WE,Germany,Footwear,Children's Footwear,New Balance Athletic Shoe Inc,0.2,0.2,0.2,4.7,4.8,4.9,0.9,2,,
42E4FD9D,WE,Germany,Footwear,Children's Footwear,Inditex, Industria de Diseño Textil SA,0.2,0.2,0.2,3.5,3.9,4.4,11.3,9.5,,
A68B742F,WE,Germany,Footwear,Children's Footwear,H&M Hennes & Mauritz AB,0.1,0.1,0.1,2.1,2,2.1,-3.4,1.5,,
012D220C,WE,Germany,Footwear,Men's Footwear,adidas Group,7.7,9.3,11,294,351.6,426.8,19.9,19.3,,
7690D96B,WE,Germany,Footwear,Men's Footwear,Nike Inc,6.4,6.7,6.8,242.7,255.8,263.8,5.7,1.4,,
27C924A9,WE,Germany,Footwear,Men's Footwear,Asics Corp,1.9,1.9,1.9,70.5,72.3,74.3,2.8,1,,
154B8B01,WE,Germany,Footwear,Men's Footwear,Skechers USA Inc,0.6,0.7,0.9,22.7,27.2,33.2,20,20,,
27A3184B,WE,Germany,Footwear,Men's Footwear,New Balance Athletic Shoe Inc,0.8,0.8,0.8,30.5,29,30.1,-4.7,2,,
6F6C87C2,WE,Germany,Footwear,Men's Footwear,Brooks Sports Inc,0.3,0.4,0.4,12.9,14.7,15.1,14.5,1,,
DEC527AA,WE,Germany,Footwear,Men's Footwear,Inditex, Industria de Diseño Textil SA,0.2,0.3,0.3,8.7,9.7,10.9,11.3,10.8,,
CCBE57DA,WE,Germany,Footwear,Men's Footwear,H&M Hennes & Mauritz AB,0.2,0.2,0.2,7.6,7.4,7.6,-1.7,1.5,,
4CD05D97,WE,Germany,Footwear,Men's Footwear,Under Armour Inc,0.1,0.1,0.2,3.4,5,6.3,49.5,23.4,,
001E4830,WE,Germany,Footwear,Men's Footwear,Lacoste SA,0,0,0,0,0,0,0,0,,
9000BF7A,WE,Germany,Footwear,Women's Footwear,adidas Group,4.9,6,7.1,351.1,421.5,512.9,20.4,19.6,,
D6C21C97,WE,Germany,Footwear,Women's Footwear,Nike Inc,5.6,6.1,6.1,403,424.5,438.3,5.6,1.5,,
8D36D31B,WE,Germany,Footwear,Women's Footwear,Asics Corp,0.9,0.9,0.9,63.5,65.1,66.9,2.8,1,,
5AD26D49,WE,Germany,Footwear,Women's Footwear,Skechers USA Inc,0.5,0.6,0.6,35.6,42.6,43.2,20,-0.5,,
CC6BE0F2,WE,Germany,Footwear,Women's Footwear,New Balance Athletic Shoe Inc,0.3,0.3,0.3,23.6,23.3,24.2,-1.1,2,,
B93122CB,WE,Germany,Footwear,Women's Footwear,Inditex, Industria de Diseño Textil SA,0.3,0.3,0.3,18.5,20.5,22.9,11.3,9.6,,
B3778765,WE,Germany,Footwear,Women's Footwear,H&M Hennes & Mauritz AB,0.3,0.3,0.3,19.4,19.2,19.8,-0.5,1.5,,
7BC6C5A2,WE,Germany,Footwear,Women's Footwear,Deckers Outdoor Corp,0.3,0.3,0.3,19,18.9,19.5,-0.2,1.1,,
E8627423,WE,Germany,Footwear,Women's Footwear,Brooks Sports Inc,0.2,0.2,0.2,12.7,15.1,15.6,19.8,1,,
7828953A,WE,Germany,Footwear,Women's Footwear,Lacoste SA,0,0,0,0,0,0,0,0,,
8F87F2BA,WE,Greece,Footwear,Children's Footwear,adidas Group,7.9,7.7,8.2,11.9,11.3,11.8,-4.9,2.7,,
D3671917,WE,Greece,Footwear,Children's Footwear,Nike Inc,6.9,7.6,7.8,10.3,11.1,11.2,7.2,-0.4,,
AE176720,WE,Greece,Footwear,Children's Footwear,H&M Hennes & Mauritz AB,3.7,5.3,5.8,5.5,7.7,8.4,39.6,6.6,,
81A61A33,WE,Greece,Footwear,Children's Footwear,Inditex, Industria de Diseño Textil SA,2.4,2.7,2.8,3.6,3.9,4,6.7,0.6,,
E89170D5,WE,Greece,Footwear,Children's Footwear,New Balance Athletic Shoe Inc,0.6,0.8,0.8,0.9,1.1,1.1,22.9,-3.1,,
F9E8F60C,WE,Greece,Footwear,Children's Footwear,Deckers Outdoor Corp,0.3,0.2,0.2,0.4,0.3,0.2,-25,-26.7,,
4BC7F9DC,WE,Greece,Footwear,Children's Footwear,Skechers USA Inc,0.1,0.1,0.1,0.2,0.2,0.1,-10.8,-15,,
557CB1CA,WE,Greece,Footwear,Children's Footwear,Lacoste SA,0,0,0,0,0,0,0,0,,
1FDCEF44,WE,Greece,Footwear,Children's Footwear,Tommy Hilfiger Group,0,0,0,0,0,0,0,0,,
23159A24,WE,Greece,Footwear,Men's Footwear,Nike Inc,28.3,29.1,30,93.4,96.2,100.6,3.3,2.7,,
2756E7F2,WE,Greece,Footwear,Men's Footwear,adidas Group,23.2,25.1,26.9,76.8,83.2,90.4,8.7,6.7,,
B44BF8FE,WE,Greece,Footwear,Men's Footwear,Inditex, Industria de Diseño Textil SA,3.3,3.8,4,11,12.7,13.3,15.6,3.2,,
B1D8E4BA,WE,Greece,Footwear,Men's Footwear,New Balance Athletic Shoe Inc,2.2,2.3,2.4,7.4,7.6,8.2,3.1,6.1,,
0FFAA4B3,WE,Greece,Footwear,Men's Footwear,H&M Hennes & Mauritz AB,1.1,1.4,1.6,3.7,4.8,5.4,29.3,10.4,,
5A0D7D14,WE,Greece,Footwear,Men's Footwear,Asics Corp,1.3,1,0.9,4.4,3.2,2.9,-26.8,-11.4,,
16F9E11C,WE,Greece,Footwear,Men's Footwear,Skechers USA Inc,0.7,0.7,0.7,2.5,2.3,2.2,-8.1,-3.4,,
BE870FF8,WE,Greece,Footwear,Men's Footwear,Gap Inc, The,0.1,0.1,0.1,0.4,0.4,0.4,-4.8,-11.8,,
A164412F,WE,Greece,Footwear,Men's Footwear,Lacoste SA,0,0,0,0,0,0,0,0,,
C75BC3E5,WE,Greece,Footwear,Men's Footwear,Tommy Hilfiger Group,0,0,0,0,0,0,0,0,,
A33A8091,WE,Greece,Footwear,Women's Footwear,Inditex, Industria de Diseño Textil SA,8.7,9.3,9.5,36.9,38.2,39.6,3.8,1.7,,
5F5D77A5,WE,Greece,Footwear,Women's Footwear,Nike Inc,7.9,8.8,9.1,33.4,36.5,37.9,9.5,2.1,,
4B168A8B,WE,Greece,Footwear,Women's Footwear,adidas Group,7.1,7.6,8.1,30.1,31.3,33.6,4.4,5.2
8D3AEA23,WE,Greece,Footwear,Women's Footwear,H&M Hennes & Mauritz AB,2.8,4.1,4.4,11.7,17.1,18.2,46.5,4.8
8BED1C7E,WE,Greece,Footwear,Women's Footwear,Deckers Outdoor Corp,1.7,1.7,1.6,7.3,6.9,6.8,-5,-3.5
BFD8B799,WE,Greece,Footwear,Women's Footwear,New Balance Athletic Shoe Inc,1.6,1.6,1.6,6.8,6.6,6.5,-1.7,-3.3
4EE0BDF1,WE,Greece,Footwear,Women's Footwear,Asics Corp,1.1,1,0.9,4.6,4.3,3.9,-4.8,-10.7
EF05F926,WE,Greece,Footwear,Women's Footwear,Skechers USA Inc,0.1,0.1,0.1,0.5,0.5,0.5,-6.6,-2.2
4B20015F,WE,Greece,Footwear,Women's Footwear,Tommy Hilfiger Group,0,0,0,0,0,0,0,0
C9E8A625,WE,Italy,Footwear,Children's Footwear,Nike Inc,15.6,16.9,17.1,125.8,134.7,138.9,7.3,1.3
FAB06B50,WE,Italy,Footwear,Children's Footwear,adidas Group,8.2,9.6,9.5,65.7,76.5,77.5,16.7,-0.5
0501C721,WE,Italy,Footwear,Children's Footwear,Inditex, Industria de Diseño Textil SA,0.9,1,1.1,7.4,8,8.9,7.8,9.6
546AE458,WE,Italy,Footwear,Children's Footwear,Skechers USA Inc,0.7,0.8,0.9,5.8,6.6,7.4,15.3,10.1
5C28A5D7,WE,Italy,Footwear,Children's Footwear,H&M Hennes & Mauritz AB,0.5,0.6,0.7,4.2,4.6,5.3,10.2,12.9
7A16A809,WE,Italy,Footwear,Men's Footwear,Nike Inc,10.2,11.4,11.7,271.7,295.4,305.6,9,1.7
DD9BBB3D,WE,Italy,Footwear,Men's Footwear,adidas Group,7.6,8.9,9,203.7,230.8,235.4,13.6,0.2
A1B1D3BB,WE,Italy,Footwear,Men's Footwear,Mizuno Corp,1.4,1.5,1.6,38.4,39.4,42.6,2.9,6.4
76C5FD48,WE,Italy,Footwear,Men's Footwear,Asics Corp,0.9,0.9,0.9,24,23.4,23.3,-2.2,-1.9
CE11CD75,WE,Italy,Footwear,Men's Footwear,Inditex, Industria de Diseño Textil SA,0.6,0.6,0.7,14.9,16.6,18.4,11.3,9.2
F3B6946D,WE,Italy,Footwear,Men's Footwear,New Balance Athletic Shoe Inc,0.5,0.5,0.6,13.2,14.1,15,7.2,4.4
F795D47E,WE,Italy,Footwear,Men's Footwear,Fila Holding SpA,0.4,0.4,0.5,11,11.3,12.3,2.8,6.7
4971B882,WE,Italy,Footwear,Men's Footwear,H&M Hennes & Mauritz AB,0.3,0.4,0.4,9,10.3,11.4,14.8,9.1
1B73276B,WE,Italy,Footwear,Men's Footwear,Iconix Brand Group Inc,0.2,0.2,0.3,6.1,6.2,6.5,1.6,3.4
ED3DE91B,WE,Italy,Footwear,Men's Footwear,Brooks Sports Inc,0.1,0.2,0.2,3.9,4.1,4.3,4.1,3.2
B2131B7D,WE,Italy,Footwear,Men's Footwear,Skechers USA Inc,0.1,0.1,0.1,2.8,2.7,2.6,-3.2,-4.5
1D8FF531,WE,Italy,Footwear,Men's Footwear,Lacoste SA,0,0,0,0,0,0,0,0
2BACB22B,WE,Italy,Footwear,Women's Footwear,Nike Inc,4.4,4.7,4.9,199.3,209,215.6,5.1,1.4
846B8494,WE,Italy,Footwear,Women's Footwear,adidas Group,2.2,2.6,2.6,99.7,113,114.7,13.7,-0.2
E2C884A3,WE,Italy,Footwear,Women's Footwear,Mizuno Corp,1,1,1.1,44.5,45.5,48.1,2.5,3.9
56351C3C,WE,Italy,Footwear,Women's Footwear,H&M Hennes & Mauritz AB,0.8,0.9,1,38.2,40.7,43.7,6.7,5.6
3FF71982,WE,Italy,Footwear,Women's Footwear,Asics Corp,0.7,0.7,0.7,30.8,29.9,29.8,-2.8,-2.1
286F0AE3,WE,Austria,Apparel,Childrenswear,H&M Hennes & Mauritz AB,4.8,4.9,5.1,27,28,29.4,3.9,3.4
8A654E1B,WE,Austria,Apparel,Childrenswear,adidas Group,1.5,1.7,1.7,8.2,9.5,9.9,15.7,2.8
FF830B60,WE,Austria,Apparel,Childrenswear,Nike Inc,0.6,0.7,0.7,3.5,4.1,4.3,18.2,3.8
B466B620,WE,Austria,Apparel,Childrenswear,Under Armour Inc,0.4,0.6,0.7,2,3.2,3.9,61.1,19.3
EB8BBDCA,WE,Austria,Apparel,Childrenswear,Inditex, Industria de Diseño Textil SA,0.5,0.5,0.6,2.8,3,3.2,9.6,4.4
954DD7DC,WE,Austria,Apparel,Childrenswear,Lacoste SA,0,0,0,0,0,0,0,0
A24358CA,WE,Austria,Apparel,Menswear,H&M Hennes & Mauritz AB,8.2,8.2,8.2,184.7,184.6,188.2,0.2,0.2
B3DBA340,WE,Austria,Apparel,Menswear,Inditex, Industria de Diseño Textil SA,1.2,1.3,1.3,27.3,28.8,30.8,5.7,5
6C9638B1,WE,Austria,Apparel,Menswear,adidas Group,0.5,0.5,0.5,10.2,11.8,12.3,15.7,2.4
740F9891,WE,Austria,Apparel,Menswear,Under Armour Inc,0.1,0.2,0.2,2.7,3.6,4.2,34.3,13.7
D2AE18C8,WE,Austria,Apparel,Menswear,Nike Inc,0.1,0.2,0.2,3.1,3.7,4,18,6.3
6386141B,WE,Austria,Apparel,Menswear,Lacoste SA,0,0,0,0,0,0,0,0
95227997,WE,Austria,Apparel,Menswear,Tommy Hilfiger Group,0,0,0,0,0,0,0,0
D5C5D94E,WE,Austria,Apparel,Womenswear,H&M Hennes & Mauritz AB,8.9,8.9,8.8,401.3,400.5,408.1,0,0.1
BFADA36E,WE,Austria,Apparel,Womenswear,Inditex, Industria de Diseño Textil SA,1.3,1.4,1.5,60.3,64.1,67.8,6.6,3.9
DE2B6F28,WE,Austria,Apparel,Womenswear,adidas Group,0.2,0.2,0.2,7.7,8.9,9.7,15.7,7.8
C3C9001D,WE,Austria,Apparel,Womenswear,Lacoste SA,0,0,0,0,0,0,0,0
C8F61EEF,WE,Austria,Apparel,Womenswear,Tommy Hilfiger Group,0,0,0,0,0,0,0,0
470D2F3F,WE,Denmark,Apparel,Childrenswear,H&M Hennes & Mauritz AB,6.8,7.1,7.5,29.9,31.9,34.6,6.9,6.4
94CE4A70,WE,Denmark,Apparel,Childrenswear,adidas Group,1.5,1.8,1.7,6.8,8,8,16.8,-1.5
562EA956,WE,Denmark,Apparel,Childrenswear,Nike Inc,0.9,1.1,1.2,4.2,5,5.6,19.4,10.3
FC53B7E4,WE,Denmark,Apparel,Childrenswear,Inditex, Industria de Diseño Textil SA,0.5,0.5,0.5,2.1,2.1,2.2,0,2.5
8554EA9F,WE,Denmark,Apparel,Childrenswear,Tommy Hilfiger Group,0,0,0,0,0,0,0,0
6E263C8C,WE,Denmark,Apparel,Menswear,H&M Hennes & Mauritz AB,11.8,12.4,12.9,119.2,127.3,137.3,6.9,5.9
4E295E46,WE,Denmark,Apparel,Menswear,adidas Group,1.5,1.7,1.6,14.8,17.3,17.4,16.8,-1.5
640C770E,WE,Denmark,Apparel,Menswear,Nike Inc,0.8,1,1.1,8.4,10,11.3,19.3,10.3
D6F735C8,WE,Denmark,Apparel,Menswear,Inditex, Industria de Diseño Textil SA,0.4,0.4,0.4,4.6,4.6,4.8,0,2.5
81DA78CA,WE,Denmark,Apparel,Menswear,Urban Outfitters Inc,0.2,0.2,0.2,2,2.1,2.2,5.2,4.5
D2C1D1C6,WE,Denmark,Apparel,Menswear,Asics Corp,0.2,0.2,0.2,1.9,1.7,1.7,-10,-4.5
0642DB8B,WE,Denmark,Apparel,Menswear,Tommy Hilfiger Group,0,0,0,0,0,0,0,0
A55FB1E7,WE,Denmark,Apparel,Womenswear,H&M Hennes & Mauritz AB,14.8,15.7,16.5,322.9,346.9,378.1,7.5,7.1
46B6FE95,WE,Denmark,Apparel,Womenswear,Nike Inc,0.5,0.6,0.7,11.5,13.7,15.4,19.4,10.3
6054FB0A,WE,Denmark,Apparel,Womenswear,adidas Group,0.5,0.6,0.5,10.5,12.3,12.3,16.8,-1.5
05D99EA4,WE,Denmark,Apparel,Womenswear,Inditex, Industria de Diseño Textil SA,0.5,0.5,0.5,10.3,10.3,10.7,0,2.5
5545EF14,WE,Denmark,Apparel,Womenswear,Urban Outfitters Inc,0.2,0.2,0.2,3.9,3.8,3.9,-0.6,-1.3
0C863DA5,WE,Denmark,Apparel,Womenswear,Asics Corp,0.1,0.1,0.1,2.9,2.6,2.5,-10,-5.5
7F8AE155,WE,Denmark,Apparel,Womenswear,Tommy Hilfiger Group,0,0,0,0,0,0,0,0
0865A987,WE,France,Apparel,Childrenswear,adidas Group,2.4,2.7,2.7,84.8,95.5,96.2,12.9,-1
70BF7024,WE,France,Apparel,Childrenswear,H&M Hennes & Mauritz AB,1.6,1.6,1.6,57.1,56.2,57.5,-1.3,0.5
9C6E292C,WE,France,Apparel,Childrenswear,Nike Inc,1.4,1.5,1.6,50.7,52.6,55.9,3.9,4.6
A0029920,WE,France,Apparel,Childrenswear,Inditex, Industria de Diseño Textil SA,0.9,1,1.2,32.9,35.9,41.3,9.5,13
3DA0B1D4,WE,France,Apparel,Childrenswear,Under Armour Inc,0.7,0.9,1.1,24.1,31,39.4,28.6,25
5363970A,WE,France,Apparel,Childrenswear,Gap Inc, The,0.2,0.2,0.2,7.5,7,6.6,-7.4,-6.5
06C0FA46,WE,France,Apparel,Childrenswear,Lacoste SA,0,0,0,0,0,0,0,0
97FBAD70,WE,France,Apparel,Menswear,Inditex, Industria de Diseño Textil SA,3.8,4.1,4.4,428.9,453.7,491.7,6.1,6.5
A8B48CB1,WE,France,Apparel,Menswear,H&M Hennes & Mauritz AB,3.5,3.6,3.7,390,395.8,413.7,1.7,2.7
D14F4502,WE,France,Apparel,Menswear,adidas Group,2.3,2.6,2.6,258.9,288.6,291,11.8,-0.9
ACC13E9D,WE,France,Apparel,Menswear,Nike Inc,1.2,1.2,1.3,131.2,134.1,140,2.5,2.7
2107D572,WE,France,Apparel,Menswear,Under Armour Inc,0.5,0.6,0.9,59.3,70.7,99,19.6,37.5
BA68920B,WE,France,Apparel,Menswear,Gap Inc, The,0.4,0.3,0.3,40.7,37.7,36,-7.1,-6.1
47B83555,WE,Austria,Sportswear,Sportswear,H&M Hennes & Mauritz AB,10.5,10.5,10.4,100.3,100.9,103.6,0.9,0.8
1C327C6D,WE,Austria,Sportswear,Sportswear,adidas Group,8,9,9.1,75.9,86.9,90.3,14.7,2.2
11A638FC,WE,Austria,Sportswear,Sportswear,Nike Inc,4.7,5,5.1,45.2,48.2,50.2,6.8,2.3
409DD150,WE,Austria,Sportswear,Sportswear,Under Armour Inc,1,1.6,1.8,10,15.4,17.7,54.8,12.6
E6D32B95,WE,Austria,Sportswear,Sportswear,Skechers USA Inc,0.5,0.6,0.6,5,5.4,5.7,9.6,2.4
E5548B7F,WE,Austria,Sportswear,Sportswear,New Balance Athletic Shoe Inc,0.6,0.6,0.6,5.6,5.5,5.5,-1.9,-1.6
DC1B8B6D,WE,Austria,Sportswear,Sportswear,Inditex, Industria de Diseño Textil SA,0,0.2,0.4,0,2.2,4.2,0,90.4
E16EAAA3,WE,Austria,Sportswear,Sportswear,Asics Corp,0.5,0.4,0.4,4.4,3.9,3.9,-10.8,-3.7
06E51E6D,WE,Austria,Sportswear,Sportswear,Columbia Sportswear Co,0.2,0.2,0.2,1.8,2,2.3,13.5,11.4
6DA2E65F,WE,Austria,Sportswear,Sportswear,Lacoste SA,0,0,0,0,0,0,0,0
4F128841,WE,Denmark,Sportswear,Sportswear,adidas Group,12.3,13.6,14.1,78.6,91.8,100.7,16.8,7.8
387A65C3,WE,Denmark,Sportswear,Sportswear,Nike Inc,13,13.4,13.8,83.2,90.5,98.5,8.9,6.9
5CA761DA,WE,Denmark,Sportswear,Sportswear,H&M Hennes & Mauritz AB,6.2,6.8,7.1,39.9,46.1,50.5,15.7,7.5
5.24E+08,WE,Denmark,Sportswear,Sportswear,Asics Corp,5.3,5.1,5,34.1,34.5,35.7,1.2,1.7
30B5BEAE,WE,Denmark,Sportswear,Sportswear,New Balance Athletic Shoe Inc,0.1,0.1,0.1,0.9,0.9,1,3.1,3.3
EFA96198,WE,France,Sportswear,Sportswear,adidas Group,14.7,15.7,16,1,058.90,1,167.80,1,249.90,10.6,5.2
C2120640,WE,France,Sportswear,Sportswear,Nike Inc,13.7,13.9,13.9,987.5,1,031.90,1,086.00,4.8,3.4
BA6780C3,WE,France,Sportswear,Sportswear,Under Armour Inc,2.2,2.5,3.3,155.9,187.9,255.7,20.8,33.7
DCA982AD,WE,France,Sportswear,Sportswear,Asics Corp,3,3,3.2,213.1,226.9,249.4,6.8,8
7B8B7D1B,WE,France,Sportswear,Sportswear,New Balance Athletic Shoe Inc,0.7,0.8,0.8,53.9,56.7,60.5,5.5,4.9
8F35AF9B,WE,France,Sportswear,Sportswear,Columbia Sportswear Co,0.9,0.8,0.8,65.3,62.4,59.1,-4.3,-6.8
ACDBFF6F,WE,France,Sportswear,Sportswear,Mizuno Corp,0.5,0.5,0.5,36,38.7,42.5,7.9,7.7
3FE23E43,WE,France,Sportswear,Sportswear,Deckers Outdoor Corp,0.3,0.3,0.3,20.7,19.6,19.7,-4.7,-1.2
4F2E720E,WE,France,Sportswear,Sportswear,H&M Hennes & Mauritz AB,0.3,0.3,0.2,19.1,18.8,19,-1.3,-0.7
9B2C4865,WE,France,Sportswear,Sportswear,Skechers USA Inc,0.2,0.2,0.2,13.7,14.9,16.4,9,8.5
7945956E,WE,France,Sportswear,Sportswear,Iconix Brand Group Inc,0.2,0.2,0.2,14.4,14.4,14.7,0.3,0.2
DBEB555B,WE,Germany,Sportswear,Sportswear,adidas Group,12.4,14.6,16.3,1,342.90,1,620.30,1,898.30,21,15.1
A9149A5F,WE,Germany,Sportswear,Sportswear,Nike Inc,9.5,10,10,1,035.10,1,111.30,1,162.80,7.6,2.8
39A05A3C,WE,Germany,Sportswear,Sportswear,Asics Corp,2.3,2.3,2.3,247.3,256.5,264.6,4,1.4
F76028F5,WE,Germany,Sportswear,Sportswear,Skechers USA Inc,0.5,0.6,0.7,58.3,69.8,76.4,20,7.5
BE40D244,WE,Germany,Sportswear,Sportswear,Brooks Sports Inc,0.5,0.6,0.6,58.9,66.6,69,13.3,1.8
3FC883E6,WE,Germany,Sportswear,Sportswear,New Balance Athletic Shoe Inc,0.5,0.5,0.5,58.9,57.1,59.2,-2.8,2
143FC44F,WE,Germany,Sportswear,Sportswear,Under Armour Inc,0.3,0.4,0.5,32.3,45.5,53.2,41.3,14.9
1DDC99BA,WE,Germany,Sportswear,Sportswear,H&M Hennes & Mauritz AB,0.2,0.2,0.2,18.4,18.1,18.3,-1.3,-1
3A798C92,WE,Germany,Sportswear,Sportswear,Columbia Sportswear Co,0.1,0.1,0.1,14,13.9,14.3,0,1
DC320BBD,WE,Germany,Sportswear,Sportswear,American Apparel Inc,0.1,0.1,0.1,10.3,9.3,6.8,-9.8,-28.1
5FBBD9DE,WE,Germany,Sportswear,Sportswear,Lacoste SA,0,0,0,0,0,0,0,0
FF999FE4,WE,Greece,Sportswear,Sportswear,Nike Inc,34.1,36,36.8,216.2,232,243.7,7.6,3.2
12F43C16,WE,Greece,Sportswear,Sportswear,adidas Group,31.3,33.5,35.5,198.5,215.9,235.6,9,7.2
1542DB74,WE,Greece,Sportswear,Sportswear,New Balance Athletic Shoe Inc,2.4,2.4,2.4,15.1,15.4,15.8,2.2,1.4
95C530DA,WE,Greece,Sportswear,Sportswear,Columbia Sportswear Co,1.2,1.3,1.3,7.8,8.1,8.4,3.9,2.7
2628233E,WE,Greece,Sportswear,Sportswear,Asics Corp,1.4,1.2,1,8.9,7.5,6.8,-15.5,-11
2A295C8F,WE,Greece,Sportswear,Sportswear,Under Armour Inc,0,0,0.6,0,0,3.9,0,0
1215B34C,WE,Greece,Sportswear,Sportswear,Skechers USA Inc,0.5,0.5,0.4,3.2,2.9,2.9,-8,-3.9
2061D998,WE,Greece,Sportswear,Sportswear,Champion Europe SpA,0.3,0,0,2.2,0,0,0,0
3F671DEB,WE,Italy,Sportswear,Sportswear,Nike Inc,12.9,13.6,13.7,850.8,909.2,938.7,7.1,1.5
A6FA5A1C,WE,Italy,Sportswear,Sportswear,adidas Group,9.9,11.1,10.9,655.7,738.5,748.8,12.9,-0.4
8A79BF4D,WE,Italy,Sportswear,Sportswear,Mizuno Corp,2,2,2.1,130.2,133.5,142,2.8,4.6
E275C861,WE,Italy,Sportswear,Sportswear,Fila Holding SpA,1.4,1.4,1.5,91.6,95.4,101.6,4.4,4.6
C6576BFE,WE,Italy,Sportswear,Sportswear,Asics Corp,1.3,1.2,1.2,86.1,83.2,82.2,-3.1,-2.9
329D5FF6,AP,China,Apparel,Childrenswear,adidas Group,0.8,0.9,1.1,176.9,211.4,289.4,27.5,39.1
734C1B4D,AP,China,Apparel,Childrenswear,Anta (China) Co Ltd,0.5,0.5,0.5,111.5,122.9,130.5,17.6,7.8
ABB7D30A,AP,China,Apparel,Childrenswear,Nike Inc,0.5,0.5,0.5,102.2,115.7,127.1,20.8,11.6
4415DE2C,AP,China,Apparel,Childrenswear,H&M Hennes & Mauritz AB,0.4,0.4,0.4,98.5,101.9,114.5,10.3,14.2
D09F6231,AP,China,Apparel,Childrenswear,Gap Inc, The,0.4,0.4,0.3,90,93.4,82.7,10.7,-10.1
AF73E2C1,AP,China,Apparel,Childrenswear,Inditex, Industria de Diseño Textil SA,0.2,0.2,0.2,38.6,46,56.1,27.2,23.7
CD68BF0B,AP,China,Apparel,Childrenswear,Li Ning Co Ltd,0.2,0.2,0.2,40.8,42.4,44.6,10.7,7
99968497,AP,China,Apparel,Menswear,adidas Group,1.4,1.5,1.9,1,078.50,1,167.20,1,510.60,15.5,31.4
25CC3F02,AP,China,Apparel,Menswear,Nike Inc,1.5,1.6,1.6,1,162.40,1,239.10,1,293.20,13.7,6
0D874A98,AP,China,Apparel,Menswear,Inditex, Industria de Diseño Textil SA,0.7,0.8,0.9,520.4,608.6,727.1,24.8,21.3
9.73E+64,AP,China,Apparel,Menswear,Anta (China) Co Ltd,0.7,0.8,0.8,527.7,578.3,657.3,16.9,15.4
3461A273,AP,China,Apparel,Menswear,Li Ning Co Ltd,0.5,0.6,0.6,407.2,429.9,461.1,12.6,8.9
F35093F2,AP,China,Apparel,Menswear,H&M Hennes & Mauritz AB,0.4,0.4,0.5,338.9,345.7,375.5,8.8,10.3
56CCA546,AP,China,Apparel,Menswear,Fila Holding SpA,0.2,0.3,0.3,159.6,197.4,255,31.9,31.2
44549A5A,AP,China,Apparel,Menswear,Columbia Sportswear Co,0.2,0.2,0.2,185.1,179.7,186.5,3.6,5.4
BB7410FC,AP,China,Apparel,Menswear,New Balance Athletic Shoe Inc,0.1,0.1,0.1,94.6,110.4,103.4,24.5,-4.9
85B950D6,AP,China,Apparel,Menswear,Gap Inc, The,0.1,0.1,0.1,80.7,81,70.3,7.1,-11.9
CE368BAE,AP,China,Apparel,Womenswear,Inditex, Industria de Diseño Textil SA,0.8,0.9,1.1,1,062.00,1,237.00,1,478.90,24.3,21.4
BC64F463,AP,China,Apparel,Womenswear,adidas Group,0.6,0.7,0.9,816.7,892.9,1,184.10,16.7,34.7
B88C83A0,AP,China,Apparel,Womenswear,H&M Hennes & Mauritz AB,0.6,0.6,0.6,769.8,788.4,871,9.3,12.2
AD1D3BD1,AP,China,Apparel,Womenswear,Nike Inc,0.3,0.4,0.4,432,460.5,486.7,13.7,7.3
480C4193,AP,China,Apparel,Womenswear,Anta (China) Co Ltd,0.3,0.3,0.3,361,405.5,472.1,19.8,18.2
38E25485,AP,China,Apparel,Womenswear,Li Ning Co Ltd,0.2,0.2,0.2,264.3,269.4,277.8,8.7,4.7
1124FEFC,AP,China,Apparel,Womenswear,Fila Holding SpA,0.1,0.1,0.1,97.1,121.6,159,33.6,32.8
8A0F8886,AP,China,Footwear,Children's Footwear,Nike Inc,3.1,3.7,3.8,219.1,266.1,296.7,29.6,13.2
A374159E,AP,China,Footwear,Children's Footwear,adidas Group,1.6,2,2.9,113.6,144.5,231.6,35.7,62.8
F6ACBD74,AP,China,Footwear,Children's Footwear,Anta (China) Co Ltd,0.7,0.7,0.8,46.4,52.9,62.7,21.8,20.4
2FB49E03,AP,China,Footwear,Children's Footwear,New Balance Athletic Shoe Inc,0.8,0.8,0.7,55.7,61.3,56.9,17.5,-5.7
7B5B44C5,AP,China,Footwear,Children's Footwear,Li Ning Co Ltd,0.6,0.6,0.6,42,44,46.5,11.7,7.2
8E7B0E34,AP,China,Footwear,Children's Footwear,Fila Holding SpA,0.1,0.1,0.1,5.4,7.3,10.2,45.4,41.4
59FBAE7C,AP,China,Footwear,Children's Footwear,Deckers Outdoor Corp,0.1,0.1,0.1,8.1,8.8,9.6,15.2,11.4
5FF3AB4E,AP,China,Footwear,Children's Footwear,Skechers USA Inc,0,0,0,0,0,0,0,0
0ED1927D,AP,China,Footwear,Men's Footwear,Nike Inc,9.3,11.3,12.1,1,958.10,2,316.10,2,587.10,26.2,13.4
48F3E96D,AP,China,Footwear,Men's Footwear,adidas Group,6.7,8.1,10.7,1,409.20,1,663.70,2,276.40,26,39
01C58602,AP,China,Footwear,Men's Footwear,Anta (China) Co Ltd,2.6,2.8,2.9,537.3,566.9,625.1,12.6,12
BE1C03E5,AP,China,Footwear,Men's Footwear,Li Ning Co Ltd,1.8,2.1,2.3,387.9,427.1,490.2,17.5,16.5
16B4B138,AP,China,Footwear,Men's Footwear,New Balance Athletic Shoe Inc,2.1,2.4,2.1,438.3,484.4,458,17.9,-4
8BC76A56,AP,China,Footwear,Men's Footwear,Fila Holding SpA,0.7,0.8,1,137.5,165.2,205.9,28.3,26.5
3AC0B465,AP,China,Footwear,Men's Footwear,Asics Corp,0.2,0.2,0.3,31.9,40.6,54.3,35.7,35.9
5E5FD0B1,AP,China,Footwear,Men's Footwear,Columbia Sportswear Co,0.2,0.2,0.2,43.8,45.1,50,10,12.4
EC89D9F7,AP,China,Footwear,Men's Footwear,Inditex, Industria de Diseño Textil SA,0.2,0.2,0.2,36.2,41.4,48.7,22.2,19.5
138FF8ED,AP,China,Footwear,Men's Footwear,Deckers Outdoor Corp,0.1,0.1,0.1,21.2,22.9,24.9,15,10.4
5D68BDFB,AP,China,Footwear,Men's Footwear,H&M Hennes & Mauritz AB,0.1,0.1,0.1,20.2,21.5,24.1,13.4,13.9
FF108B73,AP,China,Footwear,Men's Footwear,Skechers USA Inc,0,0,0,0,0,0,0,0
795BE95A,AP,China,Footwear,Men's Footwear,Lacoste SA,0,0,0,0,0,0,0,0
8E9A8EE6,AP,China,Footwear,Women's Footwear,Nike Inc,4.3,5.6,6.1,1,239.00,1,491.80,1,677.70,28.5,14.2
E5B10DFB,AP,China,Footwear,Women's Footwear,adidas Group,1.7,2.1,2.7,501.3,561.1,746.6,19.4,35.1
AD30561E,AP,China,Footwear,Women's Footwear,Anta (China) Co Ltd,1.4,1.6,1.8,416.1,436.9,479.3,12,11.4
D2B8D9FB,AP,China,Footwear,Women's Footwear,New Balance Athletic Shoe Inc,1.4,1.6,1.4,390.6,421,388.4,15,-6.3
D7A6F7BF,AP,China,Footwear,Women's Footwear,Li Ning Co Ltd,1,1.1,1.1,289.7,292.6,310.3,7.8,7.7
7E4F9873,AP,China,Footwear,Women's Footwear,Deckers Outdoor Corp,0.7,0.7,0.7,203.2,190.4,189.7,0,1.1
4067A0D6,AP,China,Footwear,Women's Footwear,Fila Holding SpA,0.4,0.5,0.5,101.1,120,147.7,26.7,24.9
1AF40E63,AP,China,Footwear,Women's Footwear,Inditex, Industria de Diseño Textil SA,0.2,0.3,0.3,64.7,74.4,87.6,22.6,19.6
78015DAE,AP,China,Footwear,Women's Footwear,H&M Hennes & Mauritz AB,0.1,0.1,0.1,32.1,34.7,39.6,15.5,15.8
CCC94DA5,AP,China,Footwear,Women's Footwear,Columbia Sportswear Co,0.1,0.1,0.1,28.4,28.8,31.1,8,9.9
789920DF,AP,China,Footwear,Women's Footwear,Skechers USA Inc,0,0,0,0,0,0,0,0
DA776C9A,AP,China,Sportswear,Sportswear,Nike Inc,19.3,21,20.8,5,178.30,5,952.50,6,532.00,22.6,11.4
64CF2A14,AP,China,Sportswear,Sportswear,adidas Group,15.5,16.5,20.1,4,150.60,4,695.70,6,309.10,20.7,36.4
86AA5BC5,AP,China,Sportswear,Sportswear,Anta (China) Co Ltd,7.8,7.9,8,2,083.70,2,245.30,2,509.90,15,13.5
D48E162B,AP,China,Sportswear,Sportswear,Li Ning Co Ltd,5.4,5.4,5.3,1,456.50,1,528.90,1,656.10,12,10
372D4825,AP,China,Sportswear,Sportswear,New Balance Athletic Shoe Inc,3.9,4.1,3.4,1,040.70,1,150.90,1,076.70,18,-5
CCA9323C,AP,China,Sportswear,Sportswear,Fila Holding SpA,2,2.3,2.6,534.8,650.7,826.6,29.8,29
3B9441E9,AP,China,Sportswear,Sportswear,Columbia Sportswear Co,1.3,1.2,1.1,341.5,336.1,354.1,5,7
EE74E2CE,AP,China,Sportswear,Sportswear,Under Armour Inc,0.2,0.3,0.4,45,83.7,119.5,98.5,45
464D1B6F,AP,China,Sportswear,Sportswear,Asics Corp,0.3,0.3,0.4,70.7,86.1,112,30,32
93DD366A,AP,China,Sportswear,Sportswear,Skechers USA Inc,0,0,0,0,0,0,0,0
4B0BB1E2,AP,China,Apparel,Childrenswear,H&M Hennes & Mauritz AB,2.9,2.9,2.9,9,9.3,9.5,3.1,2.3
482BF1B3,AP,China,Apparel,Childrenswear,Inditex, Industria de Diseño Textil SA,1.6,1.7,1.8,5,5.5,5.8,9.4,6.4
3.42E+07,AP,China,Apparel,Childrenswear,adidas Group,1.4,1.5,1.5,4.2,4.6,4.9,9.4,7
CEF0B0A6,AP,China,Apparel,Childrenswear,Nike Inc,0.8,1,1.2,2.7,3.2,3.8,21.5,17
B0304390,AP,China,Apparel,Childrenswear,Columbia Sportswear Co,0.1,0.2,0.2,0.4,0.5,0.5,10.7,7.9
F692EB61,AP,China,Apparel,Childrenswear,Tommy Hilfiger Group,0,0,0,0,0,0,0,0
243A6EDE,AP,China,Apparel,Menswear,adidas Group,4.4,4.6,4.9,102.3,106.9,111.2,4.7,4.2
243EF368,AP,China,Apparel,Menswear,Nike Inc,3.2,3.5,3.8,74.2,80.5,87.7,8.5,9.3
A8C7F759,AP,China,Apparel,Menswear,Fila Holding SpA,1.7,1.7,1.7,39.7,39.9,38.6,0.6,-3.2
885C3F20,AP,China,Apparel,Menswear,H&M Hennes & Mauritz AB,1.3,1.4,1.4,31.6,32.6,31.8,3.5,-2.3
7D1A9B4F,AP,China,Apparel,Menswear,Inditex, Industria de Diseño Textil SA,1.1,1.2,1.3,26.8,27.7,29.2,3.8,5.6
7ECC9718,AP,China,Apparel,Menswear,Columbia Sportswear Co,0.6,0.6,0.6,13.1,13.5,14.1,3.3,4.2
C04887AB,AP,China,Apparel,Menswear,American Eagle Outfitters Inc,0.3,0.3,0.3,6.8,7.1,7.4,5.1,4.4
DA18F6E1,AP,China,Apparel,Menswear,Tommy Hilfiger Group,0,0,0,0,0,0,0,0
C6F73EAA,AP,China,Apparel,Womenswear,H&M Hennes & Mauritz AB,3.7,3.8,3.7,128,130.5,125.3,2,-3.8
E5AA398B,AP,China,Apparel,Womenswear,Inditex, Industria de Diseño Textil SA,1.9,1.9,2,64.5,65,66.6,0.9,2.7
72C88C76,AP,China,Apparel,Womenswear,Nike Inc,1.6,1.6,1.7,54.4,56.2,58.3,3.5,4
4678DFEA,AP,China,Apparel,Womenswear,adidas Group,1.6,1.6,1.7,53.6,55.8,57.9,4.4,3.9
67C6F8F9,AP,China,Apparel,Womenswear,Fila Holding SpA,0.9,0.9,0.8,29.4,29.6,28.6,0.9,-3.2
9C808C0F,AP,China,Apparel,Womenswear,American Eagle Outfitters Inc,0.3,0.3,0.3,9.4,9.6,9.8,1.9,2.8
6F026D7D,AP,China,Apparel,Womenswear,Columbia Sportswear Co,0.1,0.2,0.2,5,5.2,5.3,3,2.4
C6F8FF4F,AP,China,Apparel,Womenswear,Tommy Hilfiger Group,0,0,0,0,0,0,0,0
4B65018C,AP,China,Footwear,Children's Footwear,Nike Inc,9.6,10,10.4,6.8,7.5,8.1,9.8,7.8
EB1FB25F,AP,China,Footwear,Children's Footwear,adidas Group,8.9,9,9.2,6.3,6.8,7.1,6.7,5.7
79D3245A,AP,China,Footwear,Children's Footwear,Skechers USA Inc,3.8,3.8,3.7,2.7,2.8,2.9,4.8,2.1
267A5AB3,AP,China,Footwear,Children's Footwear,New Balance Athletic Shoe Inc,2.3,2.3,2.3,1.7,1.7,1.8,3.8,1.3
F729921B,AP,China,Footwear,Children's Footwear,Inditex, Industria de Diseño Textil SA,1.2,1.1,1.1,0.8,0.9,0.9,4.1,3.5
0B2BF06E,AP,China,Footwear,Children's Footwear,H&M Hennes & Mauritz AB,1,1.1,1,0.7,0.8,0.8,13.1,-2.7
18DED021,AP,China,Footwear,Children's Footwear,Columbia Sportswear Co,0.9,0.9,0.9,0.7,0.7,0.7,5.8,-2.4
5C7B0BFF,AP,China,Footwear,Children's Footwear,Tommy Hilfiger Group,0,0,0,0,0,0,0,0
9F351EEA,AP,China,Footwear,Men's Footwear,Nike Inc,8.2,8.5,8.8,109.3,116.7,121.5,6.9,4.4
C441A90B,AP,China,Footwear,Men's Footwear,adidas Group,7.7,7.8,8.2,102.2,106.8,113.7,4.6,6.8
7545163C,AP,China,Footwear,Men's Footwear,Skechers USA Inc,6.3,6.1,5.9,83.6,83.7,81.8,0.3,-2.1
84EBAA90,AP,China,Footwear,Men's Footwear,New Balance Athletic Shoe Inc,2.1,2.1,2.1,27.6,28.3,28.8,2.8,1.7
92F86310,AP,China,Footwear,Men's Footwear,Fila Holding SpA,1.7,1.7,1.7,22.4,23.1,23.3,3.2,1.2
302AAD0D,AP,China,Footwear,Men's Footwear,Columbia Sportswear Co,1.3,1.3,1.3,17,17.4,17.7,2.4,2.1
5A8F5631,AP,China,Footwear,Men's Footwear,H&M Hennes & Mauritz AB,0.4,0.4,0.4,5,5.5,5.3,8.2,-3.2
ADDB007F,AP,China,Footwear,Men's Footwear,Inditex, Industria de Diseño Textil SA,0.3,0.3,0.3,4.2,4.4,4.5,3.6,3.4
BDC33B15,AP,China,Footwear,Women's Footwear,Nike Inc,4.4,4.7,4.9,94.8,100.9,104.5,6.5,3.8
F9FED968,AP,China,Footwear,Women's Footwear,adidas Group,4,4.1,4.5,86.4,89.9,94.8,4.2,5.7
D142AB74,AP,China,Footwear,Women's Footwear,Skechers USA Inc,2.5,2.5,2.5,54.5,54.8,54,0.6,-1.2
E17210CC,AP,China,Footwear,Women's Footwear,New Balance Athletic Shoe Inc,1,1,1.1,22.1,22.7,23,2.5,1.7
07644EE9,AP,China,Footwear,Women's Footwear,Fila Holding SpA,0.8,0.7,0.7,18.2,15.8,15,-13,-4.9
2C4A051E,AP,China,Footwear,Women's Footwear,Columbia Sportswear Co,0.5,0.6,0.6,11.8,12.1,12.5,2.4,3.6
97BFC08D,AP,China,Footwear,Women's Footwear,H&M Hennes & Mauritz AB,0.5,0.6,0.6,11.6,12.2,11.8,4.9,-3.1
67FA6EFF,AP,China,Footwear,Women's Footwear,Inditex, Industria de Diseño Textil SA,0.5,0.5,0.5,11,11.1,11.4,1.2,3.1
18238BF9,AP,China,Footwear,Women's Footwear,American Eagle Outfitters Inc,0.1,0.1,0.1,2.5,2.6,2.6,5.3,2.7
4B9140E4,AP,China,Sportswear,Sportswear,Nike Inc,20.3,20,19.1,350.6,374.3,394.2,6.9,5.6
A75A714B,AP,China,Sportswear,Sportswear,adidas Group,20.7,20,19,357.3,373.4,392.4,4.6,5.3
3AE8E3AB,AP,China,Sportswear,Sportswear,Skechers USA Inc,8.1,7.6,6.7,140.8,141.3,138.6,0.5,-1.7
62A17013,AP,China,Sportswear,Sportswear,Fila Holding SpA,6.4,5.8,5.1,109.7,108.5,105.5,-1,-2.5
0BD16478,AP,China,Sportswear,Sportswear,New Balance Athletic Shoe Inc,3,2.8,2.6,51.4,52.8,53.5,2.7,1.7
06D33CCE,AP,China,Sportswear,Sportswear,Columbia Sportswear Co,2.9,2.8,2.6,50.4,51.8,53.3,3,3.1
7.27E+07,AP,China,Sportswear,Sportswear,Asics Corp,0,0,0,0.6,0.5,0.5,-12.2,-5.1
5D6524CA,AP,India,Apparel,Childrenswear,Nike Inc,0.1,0.1,0.1,5.6,6,7.2,11.1,18
68D0EDE5,AP,India,Apparel,Childrenswear,adidas Group,0.1,0.1,0.1,3.8,4,4.6,10,12
669C8890,AP,India,Apparel,Menswear,Nike Inc,0.2,0.2,0.2,37.1,39.7,46.9,12.1,15.3
EA115E9A,AP,India,Apparel,Menswear,adidas Group,0.2,0.2,0.2,39.6,40.7,45.7,7.9,9.4
8523686E,AP,India,Apparel,Menswear,Inditex, Industria de Diseño Textil SA,0.2,0.2,0.2,29,32.5,39.9,17.5,19.7
4A5F3026,AP,India,Apparel,Menswear,Tommy Hilfiger Group,0,0,0,0,0,0,0,0
6695B29C,AP,India,Apparel,Womenswear,Inditex, Industria de Diseño Textil SA,0.7,0.8,0.8,113.4,128.7,159.8,19,21
49F1415B,AP,India,Apparel,Womenswear,Nike Inc,0.1,0.1,0.1,16.4,18.2,22.3,16.2,19.4
18084947,AP,India,Apparel,Womenswear,adidas Group,0.1,0.1,0.1,17.4,18.1,20.7,9.2,11.8
26DAD08D,AP,India,Footwear,Children's Footwear,adidas Group,1.2,1.2,1.1,11.3,11.8,13.5,9.6,11
F025F45B,AP,India,Footwear,Children's Footwear,Nike Inc,1.2,1.1,1,11,11.3,12.5,7.3,7.9
C7D671EE,AP,India,Footwear,Children's Footwear,Fila Holding SpA,0.1,0.1,0.2,0.7,1.4,2.2,103,50.8
798DB092,AP,India,Footwear,Men's Footwear,adidas Group,3,2.9,2.8,126.3,128.9,146.4,7,10.7
479996FA,AP,India,Footwear,Men's Footwear,Nike Inc,1.5,1.4,1.3,61,60.5,66.7,4,7.5
C2E114F6,AP,India,Footwear,Men's Footwear,Fila Holding SpA,0.5,0.5,0.5,22.6,23.1,25.9,7.5,9
4E207AD5,AP,India,Footwear,Women's Footwear,adidas Group,2.2,2,1.9,52.4,54.7,62.9,9.6,12.1
D5A8BC26,AP,India,Footwear,Women's Footwear,Nike Inc,1.8,1.6,1.5,42.9,43.8,49.9,7.1,11.1
6C0B8A1B,AP,India,Footwear,Women's Footwear,Fila Holding SpA,0.3,0.3,0.3,7.9,8.6,10.6,14.5,20.1
2D1FEBCB,AP,India,Sportswear,Sportswear,adidas Group,5.5,5,4.5,259.9,268.1,305.2,8.1,11
AC2493CE,AP,India,Sportswear,Sportswear,Nike Inc,3.8,3.4,3.1,177.6,183,209.6,8,11.6
E957E910,AP,India,Sportswear,Sportswear,Fila Holding SpA,0.7,0.7,0.6,33.4,35.8,42.1,12.4,14.8
89B36067,AP,Indonesia,Apparel,Childrenswear,Inditex, Industria de Diseño Textil SA,2.4,2.4,2.4,19,21.6,23.9,12.7,11
ED36B2A2,AP,Indonesia,Apparel,Childrenswear,Gap Inc, The,0.6,0.6,0.6,4.6,5.1,5.6,10.7,8.9
04AE78EA,AP,Indonesia,Apparel,Childrenswear,adidas Group,0.2,0.2,0.2,1.6,1.7,1.9,6.4,7.5
CDDC0F33,AP,Indonesia,Apparel,Childrenswear,Nike Inc,0.1,0.1,0.1,1.1,1.2,1.3,10.8,12
504E3CBF,AP,Indonesia,Apparel,Menswear,Inditex, Industria de Diseño Textil SA,0.8,0.8,0.8,23,24,27,3.6,12.4
6333291C,AP,Indonesia,Apparel,Menswear,adidas Group,0.7,0.6,0.6,17.9,18.5,20.4,2.7,10.6
92558FBB,AP,Indonesia,Apparel,Menswear,Nike Inc,0.2,0.2,0.2,6.2,7.1,7.7,13.4,9
43262950,AP,Indonesia,Apparel,Menswear,Gap Inc, The,0.1,0.1,0.1,3,3.1,3.3,3.6,4.4
EAC4BDB6,AP,Indonesia,Apparel,Menswear,Tommy Hilfiger Group,0,0,0,0,0,0,0,0
8E224DC8,ME,Egypt,Apparel,Childrenswear,Inditex, Industria de Diseño Textil SA,0.3,0.3,1.4,0.7,0.6,1.7,18.8,404.9,,
F44B170B,ME,Egypt,Apparel,Childrenswear,Gap Inc, The,0.9,1.2,1.1,2.1,2.2,1.3,40.4,5.3,,
249BFD83,ME,Egypt,Apparel,Childrenswear,Nike Inc,0.9,0.8,0.7,1.9,1.4,0.8,-0.8,5.4,,
167574DE,ME,Egypt,Apparel,Childrenswear,H&M Hennes & Mauritz AB,0.8,0.7,0.6,1.8,1.3,0.7,-7.2,-3.6,,
05DE8163,ME,Egypt,Apparel,Childrenswear,Iconix Brand Group Inc,0.3,0,0,0.6,0,0,0,0,,
DFF750D5,ME,Egypt,Apparel,Childrenswear,Tommy Hilfiger Group,0,0,0,0,0,0,0,0,,
04669A19,ME,Egypt,Apparel,Menswear,Inditex, Industria de Diseño Textil SA,2.3,2,1.5,17.9,13.7,8.6,0.8,12.8,,
3E7A9B45,ME,Egypt,Apparel,Menswear,Nike Inc,1.4,1.2,0.9,10.7,8.2,5.1,0.5,11.1,,
C6CEAEF8,ME,Egypt,Apparel,Menswear,adidas Group,0.6,0.6,0.5,5,4.1,2.7,7.7,18.6,,
B048D89E,ME,Egypt,Apparel,Menswear,Gap Inc, The,0.4,0.3,0.3,3.1,2.4,1.6,0.7,22.6,,
D5A0EB06,ME,Egypt,Apparel,Menswear,H&M Hennes & Mauritz AB,0.4,0.3,0.2,2.9,2.2,1.4,-1.3,16.2,,
AC2B72AB,ME,Egypt,Apparel,Menswear,American Eagle Outfitters Inc,0.3,0.2,0.1,2.1,1.7,0.7,7.6,-30.1,,
8D14334C,ME,Egypt,Apparel,Menswear,Tommy Hilfiger Group,0,0,0,0,0,0,0,0,,
A8F20402,ME,Egypt,Apparel,Womenswear,adidas Group,3,2.5,1.9,37.7,27.9,17.2,-2.8,11.2,,
BD840224,ME,Egypt,Apparel,Womenswear,Inditex, Industria de Diseño Textil SA,2.5,2.1,1.4,31.3,22.6,13,-5.6,4,,
94BECD27,ME,Egypt,Apparel,Womenswear,Nike Inc,0.5,0.5,0.5,6.5,5.4,4.6,8.9,56,,
19E0812E,ME,Egypt,Apparel,Womenswear,Gap Inc, The,0.3,0.2,0.2,3.3,2.6,2,1.4,38.1,,
7188C78B,ME,Egypt,Apparel,Womenswear,H&M Hennes & Mauritz AB,0.4,0.3,0.2,5.4,3.4,1.7,-18.2,-10.6,,
B95576BD,ME,Egypt,Apparel,Womenswear,American Eagle Outfitters Inc,0.1,0.1,0.1,1.5,1.1,0.5,-7.7,-9.9,,
6F460F06,ME,Egypt,Apparel,Womenswear,Tommy Hilfiger Group,0,0,0,0,0,0,0,0,,
EE3BD48F,ME,Egypt,Footwear,Children's Footwear,Nike Inc,1.8,1.8,1.6,2.3,2.1,1.6,19.1,37.7,,
E4288FE1,ME,Egypt,Footwear,Children's Footwear,Skechers USA Inc,0.8,0.6,0.5,1.1,0.7,0.5,-14.9,22.8,,
A153044C,ME,Egypt,Footwear,Children's Footwear,Inditex, Industria de Diseño Textil SA,0,0,0.4,0,0,0.4,0,0,,
CB8230D4,ME,Egypt,Footwear,Children's Footwear,adidas Group,0.1,0.1,0.1,0.1,0.1,0.1,4.5,127.2,,
AA7C3C22,ME,Egypt,Footwear,Children's Footwear,Iconix Brand Group Inc,0.3,0,0,0.4,0,0,0,0,,
4B84ED6A,ME,Egypt,Footwear,Men's Footwear,Nike Inc,4.5,4.1,3.4,14.8,12.3,8.1,8.7,18.9,,
49037914,ME,Egypt,Footwear,Men's Footwear,Skechers USA Inc,1.5,0.9,0.7,4.9,2.6,1.6,-31.5,10.9,,
2C669182,ME,Egypt,Footwear,Men's Footwear,adidas Group,0.7,0.7,0.6,2.4,2,1.3,10.2,17.1,,
BA26ECF6,ME,Egypt,Footwear,Men's Footwear,Inditex, Industria de Diseño Textil SA,0.5,0.4,0.5,1.6,1.2,1.2,2.1,85.1,,
1FB70EBF,ME,Egypt,Footwear,Men's Footwear,Iconix Brand Group Inc,0.1,0,0,0.3,0,0,0,0,,
E646F425,ME,Egypt,Footwear,Women's Footwear,adidas Group,2.4,2.1,2.3,12.3,9,6.1,-4.8,23.1,,
603399B9,ME,Egypt,Footwear,Women's Footwear,Nike Inc,1.9,2,1.8,10,8.7,4.9,14,1.4,,
7135EB5A,ME,Egypt,Footwear,Women's Footwear,Inditex, Industria de Diseño Textil SA,1.4,1.3,0.8,7.3,5.7,2.3,2.6,-27.8,,
30500A70,ME,Egypt,Footwear,Women's Footwear,Skechers USA Inc,1,0.5,0.4,4.9,2.1,1.1,-44.6,-4.3,,
F9C07466,ME,Egypt,Footwear,Women's Footwear,H&M Hennes & Mauritz AB,0.1,0.1,0.1,0.6,0.4,0.3,-3.7,4.9,,
63532CE5,ME,Egypt,Footwear,Women's Footwear,Iconix Brand Group Inc,0.2,0,0,1.1,0,0,0,0,,
A4FC00A2,ME,Egypt,Sportswear,Sportswear,adidas Group,14.4,12.6,12.2,59.3,44.4,28.5,-1.7,16.1,,
B179FA75,ME,Egypt,Sportswear,Sportswear,Nike Inc,11.6,11.1,11.1,47.8,39.2,25.9,7.5,19.5,,
EC72B661,ME,Egypt,Sportswear,Sportswear,Skechers USA Inc,2.6,1.5,1.3,10.9,5.3,3.1,-35.8,6.5,,
9660EDA5,ME,Egypt,Sportswear,Sportswear,Iconix Brand Group Inc,0.6,0,0,2.5,0,0,0,0,,
182100D4,ME,Israel,Apparel,Childrenswear,Inditex, Industria de Diseño Textil SA,3.6,3.5,3.5,21.5,22.8,24.8,4.6,3.6,,
D131E61F,ME,Israel,Apparel,Childrenswear,Nike Inc,2.2,2.2,2.3,13.2,14.5,16.3,8.3,7.4,,
77AA63A1,ME,Israel,Apparel,Childrenswear,H&M Hennes & Mauritz AB,2.2,2.2,2.3,13.1,14.3,16,8.5,6.5,,
F3084ECF,ME,Israel,Apparel,Childrenswear,adidas Group,1.9,2,2.1,11.8,12.8,14.5,7.4,8.3,,
C670620D,ME,Israel,Apparel,Childrenswear,American Eagle Outfitters Inc,0.6,0.6,0.6,3.4,3.7,4,8.2,2.6,,
50E47C9D,ME,Israel,Apparel,Childrenswear,Gap Inc, The,0.3,0.2,0.1,2,1.6,0.6,-19.5,-65.1,,
B58F90CE,ME,Israel,Apparel,Menswear,Inditex, Industria de Diseño Textil SA,10,10.4,10.9,86.4,92,104.1,5.1,8,,
F6A276D6,ME,Israel,Apparel,Menswear,American Eagle Outfitters Inc,4.3,4.9,5.3,37.2,43.8,50.1,16.3,9.2,,
3A742308,ME,Israel,Apparel,Menswear,Nike Inc,2.4,3,3.5,20.4,26.6,33.3,28.7,19.6,,
1EF79FEA,ME,Israel,Apparel,Menswear,adidas Group,2.6,2.8,3.1,22.5,25,29.5,9.8,12.6,,
69F88B9D,ME,Israel,Apparel,Menswear,H&M Hennes & Mauritz AB,2.6,2.7,2.7,22.5,23.7,25.9,4.4,4,,
2CBDF122,ME,Israel,Apparel,Menswear,Gap Inc, The,1.8,1.5,0.6,15.9,13.3,5.9,-17.3,-57.8,,
9C1600F4,ME,Israel,Apparel,Menswear,Kenneth Cole Productions Inc,0.5,0.5,0.5,4.3,4.3,4.5,-2.6,0.1,,
130ABE23,ME,Israel,Apparel,Womenswear,Inditex, Industria de Diseño Textil SA,6.2,6.8,7.4,102.7,115.2,130.8,10.9,8.3,,
AC57FA69,ME,Israel,Apparel,Womenswear,American Eagle Outfitters Inc,2.9,3.2,3.4,47.5,53.7,60.8,11.8,8,,
9EFA321E,ME,Israel,Apparel,Womenswear,H&M Hennes & Mauritz AB,1.9,2,2.2,31.6,34.7,38.2,8.5,5.1,,
14C0FDE1,ME,Israel,Apparel,Womenswear,Nike Inc,0.6,0.9,1.2,10.7,15.5,21.1,42.2,30.3,,
BEF7FD95,ME,Israel,Apparel,Womenswear,adidas Group,0.6,0.7,0.8,10.4,11.8,14,11.5,13.7,,
9CE049E8,ME,Israel,Apparel,Womenswear,Gap Inc, The,0.8,0.6,0.3,12.9,9.8,4.5,-25.4,-55.8,,
F2E0E837,ME,Israel,Apparel,Womenswear,Kenneth Cole Productions Inc,0.2,0.2,0.2,3.1,3.6,4,12.6,7.8,,
7ABD38D1,ME,Israel,Footwear,Children's Footwear,adidas Group,15.8,16.4,18.7,25.6,27.6,31.4,6.6,8.7,,
BDE03654,ME,Israel,Footwear,Children's Footwear,Nike Inc,15.6,15.9,17.5,25.2,26.8,29.5,5.2,5,,
38366BC4,ME,Israel,Footwear,Children's Footwear,New Balance Athletic Shoe Inc,4.5,4.7,4.9,7.3,7.9,8.3,6.3,0.2,,
A9A71F7C,ME,Israel,Footwear,Children's Footwear,Skechers USA Inc,1.1,1,0.9,1.8,1.7,1.5,-7.9,-15,,
F2C012A7,ME,Israel,Footwear,Children's Footwear,H&M Hennes & Mauritz AB,0.5,0.5,0.5,0.8,0.8,0.9,3.3,2.8,,
09CBBD23,ME,Israel,Footwear,Men's Footwear,Nike Inc,9,11.6,13.6,24.9,32,38.2,26.8,13.8,,
AE4DE55A,ME,Israel,Footwear,Men's Footwear,adidas Group,7.5,7.9,8.8,20.6,22,24.6,5.6,6.8,,
C9003358,ME,Israel,Footwear,Men's Footwear,New Balance Athletic Shoe Inc,5.4,5.7,6.1,14.9,15.8,17.1,5.1,2.9,,
5BEAA461,ME,Israel,Footwear,Men's Footwear,Inditex, Industria de Diseño Textil SA,1.7,1.7,1.8,4.6,4.7,5,1.5,0.9,,
A7A9FCC5,ME,Israel,Footwear,Men's Footwear,Skechers USA Inc,0.4,0.3,0.3,1,0.9,0.8,-8.6,-14.9,,
DA482E73,ME,Israel,Footwear,Men's Footwear,H&M Hennes & Mauritz AB,0.2,0.2,0.2,0.5,0.5,0.5,1.7,0.6,,
2F6C9211,ME,Israel,Footwear,Men's Footwear,American Eagle Outfitters Inc,0.2,0.1,0.1,0.4,0.3,0.2,-28.2,-44.8,,
E7B08753,ME,Israel,Footwear,Women's Footwear,Nike Inc,3.8,4.3,4.7,15.2,17.1,18.4,11.2,2.7,,
68B9E291,ME,Israel,Footwear,Women's Footwear,adidas Group,3.3,3.7,4.2,13.5,14.4,16.2,5.1,7.7,,
9A715E9A,ME,Israel,Footwear,Women's Footwear,New Balance Athletic Shoe Inc,2.6,2.8,2.9,10.5,10.9,11.4,3,-0.4,,
F9AE4E09,ME,Israel,Footwear,Women's Footwear,Inditex, Industria de Diseño Textil SA,1.8,2,2.1,7.4,7.7,8.3,3.6,2.7,,
3460EA7A,ME,Israel,Footwear,Women's Footwear,Skechers USA Inc,1,0.8,0.7,3.9,3.3,2.5,-15.2,-27.1,,
97A51740,ME,Israel,Footwear,Women's Footwear,H&M Hennes & Mauritz AB,0.4,0.4,0.5,1.6,1.7,1.8,4.9,3.4,,
D0B42D1B,ME,Israel,Footwear,Women's Footwear,American Eagle Outfitters Inc,0.2,0.2,0.1,0.8,0.7,0.5,-14.9,-32.1,,
AA4D8121,ME,Israel,Sportswear,Sportswear,Nike Inc,14.4,16.3,17.7,110.1,133.1,157.6,19.4,13,,
9E4BF822,ME,Israel,Sportswear,Sportswear,adidas Group,13.6,13.9,14.6,104.3,113.5,130.3,7.5,9.5,,
26D80A46,ME,Israel,Sportswear,Sportswear,New Balance Athletic Shoe Inc,4.3,4.2,4.1,32.7,34.7,36.8,4.7,1.2,,
C51F3E8E,ME,Israel,Sportswear,Sportswear,Skechers USA Inc,0.9,0.7,0.5,6.6,5.9,4.8,-12.2,-21.8,,
3.76E+93,ME,Israel,Sportswear,Sportswear,H&M Hennes & Mauritz AB,0.5,0.5,0.5,3.5,3.8,4.2,7.1,8,,
40BE8EDA,ME,Israel,Sportswear,Sportswear,Inditex, Industria de Diseño Textil SA,0,0,0,0,0,0,0,0,,
5CE0CBD8,ME,Morocco,Apparel,Childrenswear,adidas Group,1.1,1.2,1.3,1.1,1.3,1.4,18.5,14.2,,
7D55C431,ME,Morocco,Apparel,Childrenswear,H&M Hennes & Mauritz AB,1.1,1.1,1.2,1.1,1.2,1.2,12,9.1,,
BDBBD635,ME,Morocco,Apparel,Childrenswear,Nike Inc,0.8,0.8,0.8,0.8,0.8,0.8,2.9,5.9,,
4D4E45D3,ME,Morocco,Apparel,Childrenswear,Lacoste SA,0,0,0,0,0,0,0,0,,
0ADEB795,ME,Morocco,Apparel,Menswear,American Eagle Outfitters Inc,1,1,1.1,5.2,5.5,5.9,6.4,11,,
5D0568B8,ME,Morocco,Apparel,Menswear,Gap Inc, The,0.7,0.7,0.7,3.4,3.5,3.6,4.1,5,,
5D06263A,ME,Morocco,Apparel,Menswear,Inditex, Industria de Diseño Textil SA,0.4,0.5,0.5,1.9,2.4,2.6,27.5,10.1,,
F52FC3CA,ME,Morocco,Apparel,Menswear,Nike Inc,0.4,0.4,0.4,1.9,1.9,1.9,4,3.8,,
104CEF0A,ME,Morocco,Apparel,Menswear,adidas Group,0.2,0.3,0.3,1.2,1.8,1.8,46.5,4.2,,
0CBB90A8,ME,Morocco,Apparel,Menswear,H&M Hennes & Mauritz AB,0.2,0.2,0.2,0.9,1.1,1.2,18.1,19.1,,
A93BBE6E,ME,Morocco,Apparel,Womenswear,Inditex, Industria de Diseño Textil SA,0.7,0.8,0.8,3.6,4.2,4.5,16.5,13,,
1D916674,ME,Morocco,Apparel,Womenswear,American Eagle Outfitters Inc,0.7,0.7,0.7,3.4,3.8,4,11.9,10.9,,
4EB1A4A5,ME,Morocco,Apparel,Womenswear,Gap Inc, The,0.4,0.4,0.4,2.2,2.1,2,-2.2,-1.2,,
35B3E855,ME,Morocco,Apparel,Womenswear,Nike Inc,0.2,0.2,0.2,1,1.1,1.1,8.8,4.5,,
342A11E3,ME,Morocco,Apparel,Womenswear,adidas Group,0.1,0.1,0.1,0.4,0.8,0.8,99.8,3.9,,
5DCBAD63,NA,Canada,Apparel,Childrenswear,Gap Inc, The,3,3.1,3.1,80,82,86.3,6.2,2.4,,
813F802B,NA,Canada,Apparel,Childrenswear,H&M Hennes & Mauritz AB,0.4,0.4,0.4,10.2,10.6,11.8,7.2,8,,
91F407EC,NA,Canada,Apparel,Childrenswear,Columbia Sportswear Co,0.2,0.2,0.2,6.2,6.2,6.5,2.6,2.9,,
A7225E94,NA,Canada,Apparel,Childrenswear,Inditex, Industria de Diseño Textil SA,0.2,0.2,0.2,6,6,6.4,4.2,4.7,,
1825B17D,NA,Canada,Apparel,Childrenswear,Nike Inc,0.1,0.1,0.1,3.8,3.9,4.1,3.8,3.9,,
E1AA6A71,NA,Canada,Apparel,Childrenswear,Tommy Hilfiger Group,0,0,0,0,0,0,0,0,,
1FD6608E,NA,Canada,Apparel,Menswear,Nike Inc,3.9,4,4.1,297.7,302.2,324.5,5.2,4.5,,
76B9D0AB,NA,Canada,Apparel,Menswear,Gap Inc, The,3,3.1,3.1,232.2,237.2,246.7,5.9,1.2,,
EB34C16A,NA,Canada,Apparel,Menswear,adidas Group,1.5,1.6,1.6,111.6,117.2,126.3,8.8,4.9,,
BFE0851D,NA,Canada,Apparel,Menswear,Under Armour Inc,1.1,1.2,1.3,80.7,93.3,103.5,19.8,8,,
EB745543,NA,Canada,Apparel,Menswear,H&M Hennes & Mauritz AB,1.1,1.2,1.2,84.8,88.4,95.5,8.1,5.1,,
47BAA693,NA,Canada,Apparel,Menswear,Inditex, Industria de Diseño Textil SA,0.7,0.8,0.8,55,59.4,65.4,12,7.2,,
B3E2DEE1,NA,Canada,Apparel,Menswear,American Eagle Outfitters Inc,0.7,0.7,0.7,50.2,52.9,56,9.1,3.1,,
17697D42,NA,Canada,Apparel,Menswear,lululemon athletica inc,0.6,0.6,0.6,44.4,45.4,49.2,6,5.5,,
AA0CCC34,NA,Canada,Apparel,Menswear,Columbia Sportswear Co,0.3,0.4,0.4,26.2,26.7,29,5.5,5.8,,
DD2BADD1,NA,Canada,Apparel,Menswear,Urban Outfitters Inc,0.2,0.2,0.2,15.7,15.9,17.1,4.7,4.8,,
73995361,NA,Canada,Apparel,Menswear,Asics Corp,0.2,0.2,0.2,12.3,12,12.6,1.7,1.9,,
484E6FEF,NA,Canada,Apparel,Menswear,Tommy Hilfiger Group,0,0,0,0,0,0,0,0,,
B7DE39CF,NA,Canada,Apparel,Womenswear,Gap Inc, The,2.6,2.7,2.7,338,348.7,374.7,6.9,4.6,,
9FFADD84,NA,Canada,Apparel,Womenswear,H&M Hennes & Mauritz AB,1.8,1.9,2.1,233.6,250.8,282.4,11.3,9.6,,
16B67257,NA,Canada,Apparel,Womenswear,lululemon athletica inc,1.4,1.4,1.4,177.5,181.5,197.7,6,6.1,,
06FFB1D5,NA,Canada,Apparel,Womenswear,Nike Inc,1,1,1.1,133,134.5,145.4,4.7,5.3,,
E7260DB8,NA,Canada,Apparel,Womenswear,American Eagle Outfitters Inc,0.7,0.8,0.8,95.3,99.7,107.2,8.5,4.6,,
6FE90591,NA,Canada,Apparel,Womenswear,Inditex, Industria de Diseño Textil SA,0.6,0.6,0.6,75.1,79.3,88.1,9.4,8.2,,
CA092C37,NA,Canada,Apparel,Womenswear,Under Armour Inc,0.5,0.5,0.6,62.3,69.6,77.2,15.8,8,,
2FBCE558,NA,Canada,Apparel,Womenswear,adidas Group,0.4,0.5,0.5,58.3,62,72.3,10.1,13.5,,
B6B2E9B2,NA,Canada,Apparel,Womenswear,Urban Outfitters Inc,0.2,0.2,0.2,22.5,22.9,24.7,5.2,5.1,,
ABCCCCAF,NA,Canada,Apparel,Womenswear,Columbia Sportswear Co,0.2,0.2,0.2,20,20.8,22.7,8,6,,
6C3C7066,NA,Canada,Apparel,Womenswear,Tommy Hilfiger Group,0,0,0,0,0,0,0,0,,
6D79617D,NA,Canada,Footwear,Children's Footwear,Nike Inc,4.3,4.5,4.5,16.1,16.4,17.5,5.5,4,,
2193AF70,NA,Canada,Footwear,Children's Footwear,Gap Inc, The,1.9,2,1.9,7,7.2,7.4,7.4,-0.1,,
26C6FF21,NA,Canada,Footwear,Children's Footwear,New Balance Athletic Shoe Inc,1.5,1.5,1.5,5.7,5.6,5.9,2.1,2.7,,
9B5C6079,NA,Canada,Footwear,Children's Footwear,Columbia Sportswear Co,1.6,1.5,1.5,5.8,5.7,5.9,0.5,0.4,,
E976E7B0,NA,Canada,Footwear,Children's Footwear,Inditex, Industria de Diseño Textil SA,0.2,0.2,0.2,0.8,0.8,0.8,3,3,,
20AD5866,NA,Canada,Footwear,Men's Footwear,Nike Inc,7,6.9,7,166.1,165.2,176.2,3,3.9,,
19422D45,NA,Canada,Footwear,Men's Footwear,adidas Group,4.7,5.1,5.3,111.8,121.3,133.4,12.5,7,,
F9DF5124,NA,Canada,Footwear,Men's Footwear,Under Armour Inc,1.6,1.8,2,38.4,43,49.7,16,12.5,,
E610AAD0,NA,Canada,Footwear,Men's Footwear,Skechers USA Inc,1.4,1.7,1.8,33.8,41.1,46.5,26,10,,
8641A276,NA,Canada,Footwear,Men's Footwear,Columbia Sportswear Co,1.1,1,1,26.1,24.7,25.3,-2,-0.2,,
5DD79AFD,NA,Canada,Footwear,Men's Footwear,New Balance Athletic Shoe Inc,0.9,0.9,0.9,21.9,21.9,23.3,3.6,3.8,,
89DC9EC6,NA,Canada,Footwear,Men's Footwear,Deckers Outdoor Corp,0.7,0.7,0.7,17.7,17.6,18.6,3,3.2,,
3C70A644,NA,Canada,Footwear,Men's Footwear,Gap Inc, The,0.5,0.5,0.5,11.2,11.9,12.3,9.3,0.9,,
12B08890,NA,Canada,Footwear,Men's Footwear,H&M Hennes & Mauritz AB,0.4,0.4,0.4,8.3,8.4,8.9,3.9,4,,
73737BAB,NA,Canada,Footwear,Men's Footwear,Iconix Brand Group Inc,0.4,0.4,0.4,9.1,8.7,8.9,-0.9,-0.4,,
685B4F76,NA,Canada,Footwear,Men's Footwear,Asics Corp,0.3,0.3,0.3,7.7,7.1,7.1,-5,-2,,
322942D1,NA,Canada,Footwear,Women's Footwear,Skechers USA Inc,2.7,3.2,3.3,76.8,93.4,105.5,26,10,,
80FE8F21,NA,Canada,Footwear,Women's Footwear,Nike Inc,3.3,3.3,3.3,95.9,97,104,4.8,4.5,,
CF52837F,NA,Canada,Footwear,Women's Footwear,adidas Group,2.6,2.7,2.8,73.7,79.3,87.5,11.4,7.5,,
C5E2830A,NA,Canada,Footwear,Women's Footwear,Under Armour Inc,0.7,0.7,0.8,19.4,21.7,24.9,16,12,,
00ED4E75,NA,Canada,Footwear,Women's Footwear,Deckers Outdoor Corp,0.7,0.7,0.7,21.4,21.3,22.7,3.2,3.4,,
D0E9DCCC,NA,Canada,Footwear,Women's Footwear,Columbia Sportswear Co,0.7,0.6,0.6,19.8,18.7,19.2,-2,-0.3,,
02B2C3B4,NA,Canada,Footwear,Women's Footwear,Gap Inc, The,0.5,0.6,0.5,15.7,16.3,16.6,7.4,-0.5,,
B4B5B9B0,NA,Canada,Footwear,Women's Footwear,New Balance Athletic Shoe Inc,0.5,0.5,0.5,14.3,14.5,15.7,5,5.2,,
B7E04264,NA,Canada,Footwear,Women's Footwear,Inditex, Industria de Diseño Textil SA,0.3,0.3,0.3,7.4,7.5,8.1,4.5,4.8,,
439825AC,NA,Canada,Footwear,Women's Footwear,American Eagle Outfitters Inc,0.1,0.1,0.1,4.1,4.1,4.3,3.1,3.4,,
1951DB74,NA,Canada,Footwear,Women's Footwear,H&M Hennes & Mauritz AB,0.1,0.1,0.1,3.4,3.5,3.8,5,5.2,,
4866E2D3,NA,Canada,Footwear,Women's Footwear,Asics Corp,0.1,0.1,0.1,3.9,3.5,3.5,-8,-3,,
D338D9E8,NA,Canada,Footwear,Women's Footwear,Brown Shoe Co Inc,0,0,0,0,0,0,0,0,,
5727661B,NA,Canada,Sportswear,Sportswear,Nike Inc,15.1,14.9,14.8,767.4,773.9,830,4.5,4.4,,
5F1273AF,NA,Canada,Sportswear,Sportswear,adidas Group,7.7,8,8.2,390.1,417,460.3,10.8,7.5,,
8DA84199,NA,Canada,Sportswear,Sportswear,lululemon athletica inc,4.9,4.9,5,250.5,256.1,278.6,6,5.9,,
042FF829,NA,Canada,Sportswear,Sportswear,Under Armour Inc,3.9,4.4,4.5,200.8,227.6,255.3,17.5,9.2,,
8CAB6C9F,NA,Canada,Sportswear,Sportswear,Skechers USA Inc,2.2,2.6,2.7,110.6,134.5,152,26,10,,
6C630FA4,NA,Canada,Sportswear,Sportswear,Columbia Sportswear Co,2.3,2.3,2.2,119.2,117.2,123.5,1.9,2.6,,
14881F28,NA,Canada,Sportswear,Sportswear,New Balance Athletic Shoe Inc,0.8,0.8,0.8,41.9,42,44.9,3.9,4.1,,
2875DFEC,NA,Canada,Sportswear,Sportswear,Asics Corp,0.7,0.6,0.6,33.8,32.3,33.2,-1.1,0.4,,
EB623502,NA,Canada,Sportswear,Sportswear,Iconix Brand Group Inc,0.3,0.3,0.3,16.7,16,16.4,-0.7,-0.3,,
F2402A90,NA,USA,Apparel,Childrenswear,Gap Inc, The,6.8,6.9,7.2,2,084.00,2,164.60,2,298.30,3.9,6.2,,
22804C43,NA,USA,Apparel,Childrenswear,Nike Inc,4.6,4.7,4.6,1,406.20,1,470.10,1,482.70,4.5,0.9,,
5DA7B84B,NA,USA,Apparel,Childrenswear,H&M Hennes & Mauritz AB,1.6,1.7,1.7,487,518.1,549.1,6.4,6,,
3291271,NA,USA,Apparel,Childrenswear,Under Armour Inc,1.4,1.5,1.4,416.7,472,439,13.3,-7,,
3FEBA5DE,NA,USA,Apparel,Childrenswear,adidas Group,0.6,0.7,0.8,175.7,211.4,260.7,20.4,23.3,,
250374C3,NA,USA,Apparel,Childrenswear,Columbia Sportswear Co,0.4,0.4,0.4,116.7,121.1,118.4,3.8,-2.3,,
727F652D,NA,USA,Apparel,Menswear,Nike Inc,4.7,4.8,4.7,4,011.60,4,080.10,4,024.40,1.7,-1.4,,
A77CA95F,NA,USA,Apparel,Menswear,Gap Inc, The,3.3,3.2,3.2,2,857.30,2,736.00,2,732.00,-4.2,-0.1,,
E5B388BF,NA,USA,Apparel,Menswear,Under Armour Inc,2.4,2.7,2.5,2,083.80,2,299.60,2,103.30,10.4,-8.5,,
A87241A2,NA,USA,Apparel,Menswear,adidas Group,1.1,1.3,1.6,900.4,1,074.30,1,331.30,19.3,23.9,,
B4B7ABD2,NA,USA,Apparel,Menswear,American Eagle Outfitters Inc,1.3,1.3,1.3,1,136.80,1,136.20,1,137.90,0,0.1,,
BB8DBC10,NA,USA,Apparel,Menswear,H&M Hennes & Mauritz AB,0.8,0.9,0.9,695.1,721.2,752.6,3.8,4.4,,
29620D14,NA,USA,Apparel,Menswear,Columbia Sportswear Co,0.8,0.8,0.8,699.8,707,678.8,1,-4,,
EAA24B43,NA,USA,Apparel,Menswear,lululemon athletica inc,0.3,0.3,0.3,218,249.1,273.4,14.3,9.7,,
3FDEAB49,NA,USA,Apparel,Menswear,Inditex, Industria de Diseño Textil SA,0.1,0.1,0.2,102.6,122.5,145.9,19.4,19.1,,
2F34C2A2,NA,USA,Apparel,Menswear,New Balance Athletic Shoe Inc,0.1,0.1,0.1,89.9,90.5,92.3,0.6,2,,
3A30FFA8,NA,USA,Apparel,Menswear,Asics Corp,0.1,0.1,0.1,87.5,80.6,72.1,-7.8,-10.6,,
1B60DD09,NA,USA,Apparel,Menswear,Fila Holding SpA,0.1,0.1,0.1,85.7,78.2,69.6,-8.7,-10.9,,
7E90A165,NA,USA,Apparel,Menswear,Tommy Hilfiger Group,0,0,0,0,0,0,0,0,,
BBCE56ED,NA,USA,Apparel,Womenswear,Gap Inc, The,4.8,4.7,4.8,6,161.60,6,046.60,6,193.70,-1.9,2.4,,
335A6D6C,NA,USA,Apparel,Womenswear,American Eagle Outfitters Inc,1.3,1.3,1.3,1,608.00,1,677.40,1,709.80,4.3,1.9,,
809B8609,NA,USA,Apparel,Womenswear,Nike Inc,1.2,1.3,1.2,1,587.70,1,617.50,1,591.10,1.9,-1.6,,
84D501B4,NA,USA,Apparel,Womenswear,H&M Hennes & Mauritz AB,1.1,1.2,1.2,1,429.70,1,487.20,1,554.80,4,4.5,,
074A6EA6,NA,USA,Apparel,Womenswear,lululemon athletica inc,0.9,1,1.1,1,138.40,1,303.40,1,428.20,14.5,9.6,,
05A0A244,NA,USA,Apparel,Womenswear,Under Armour Inc,0.9,1.1,1,1,212.10,1,342.00,1,227.80,10.7,-8.5,,
FF187D7C,NA,USA,Apparel,Womenswear,adidas Group,0.5,0.6,0.8,662.8,787.3,966.8,18.8,22.8,,
4797DC4C,NA,USA,Apparel,Womenswear,Columbia Sportswear Co,0.4,0.4,0.4,563,570.2,546.8,1.3,-4.1,,
92F86650,NA,USA,Apparel,Womenswear,Inditex, Industria de Diseño Textil SA,0.2,0.2,0.3,243.9,292.2,347.7,19.8,19,,
51677847,NA,USA,Apparel,Womenswear,Tommy Hilfiger Group,0,0,0,0,0,0,0,0,,
FBE8D304,NA,USA,Footwear,Children's Footwear,Nike Inc,34.2,35,34.6,3,156.10,3,384.40,3,409.80,7.2,0.8,,
7A79945D,NA,USA,Footwear,Children's Footwear,adidas Group,5,5.9,7.2,458.2,571.5,709.1,24.7,24.1,,
42D9DB16,NA,USA,Footwear,Children's Footwear,Skechers USA Inc,5.2,5.1,5.2,480.7,495.6,516.3,3.1,4.2,,
1438F509,NA,USA,Footwear,Children's Footwear,Deckers Outdoor Corp,2.6,2.4,2.3,235.5,232.5,230.1,-1.3,-1.1,,
25FE7469,NA,USA,Footwear,Children's Footwear,New Balance Athletic Shoe Inc,1.8,1.9,1.9,170.1,180.3,186,6,3.1,,
0A6EE5EF,NA,USA,Footwear,Children's Footwear,Under Armour Inc,1.5,1.7,1.5,142.2,165.3,152.7,16.2,-7.6,,
598655C9,NA,USA,Footwear,Children's Footwear,Columbia Sportswear Co,0.2,0.2,0.2,15.7,16.7,16.2,6.4,-2.9,,
CDCF38FC,NA,USA,Footwear,Children's Footwear,K-Swiss Inc,0.1,0.1,0.1,9.4,9.8,10.1,4,3.2,,
7A8FFC3B,NA,USA,Footwear,Children's Footwear,Iconix Brand Group Inc,0,0,0,0,0,0,0,0,,
C0EB3CF2,NA,USA,Footwear,Men's Footwear,Nike Inc,32.1,32.8,32.4,8,164.90,8,679.60,8,738.20,6.3,0.7,,
7BE9C50C,NA,USA,Footwear,Men's Footwear,adidas Group,4.9,5.9,7.2,1,250.30,1,550.30,1,934.70,24,24.8,,
69FDBCE4,NA,USA,Footwear,Men's Footwear,Skechers USA Inc,3.2,3.1,3.2,813.2,831,867.7,2.2,4.4,,
C2345714,NA,USA,Footwear,Men's Footwear,Asics Corp,3.1,2.9,2.6,796.4,766.8,695,-3.7,-9.4,,
988F5BE0,NA,USA,Footwear,Men's Footwear,Under Armour Inc,2.4,2.7,2.5,621.8,716.3,663.3,15.2,-7.4,,
AF67C7FD,NA,USA,Footwear,Men's Footwear,New Balance Athletic Shoe Inc,2.3,2.4,2.4,596,626.4,647.5,5.1,3.4,,
CE13E29D,NA,USA,Footwear,Men's Footwear,Deckers Outdoor Corp,1.8,1.7,1.7,447.1,439.9,445.6,-1.6,1.3,,
D7E035AF,NA,USA,Footwear,Men's Footwear,Brooks Sports Inc,1.2,1.1,1.2,293.6,303.2,310.7,3.3,2.5,,
B1965201,NA,USA,Footwear,Men's Footwear,Fila Holding SpA,1.2,1.1,1,308.2,293.8,265.1,-4.7,-9.8,,
4C2DC844,NA,USA,Footwear,Men's Footwear,Columbia Sportswear Co,0.8,0.8,0.8,210,221.6,215.6,5.5,-2.7,,
6192D088,NA,USA,Footwear,Men's Footwear,K-Swiss Inc,0.2,0.2,0.2,59.5,61.4,63.5,3.2,3.4,,
462F4E33,NA,USA,Footwear,Men's Footwear,American Eagle Outfitters Inc,0.1,0.1,0.1,28.8,30.3,30.6,5.3,1,,
A17AC210,NA,USA,Footwear,Men's Footwear,Iconix Brand Group Inc,0,0,0,0,0,0,0,0,,
8CBDE624,NA,USA,Footwear,Women's Footwear,Nike Inc,9.3,9.5,9.4,3,386.70,3,495.10,3,501.00,3.2,0.2,,
4B50A32F,NA,USA,Footwear,Women's Footwear,Skechers USA Inc,3.8,3.8,3.9,1,403.50,1,392.40,1,441.10,-0.8,3.5,,
0C5ADEA7,AS,Australia,Apparel,Childrenswear,H&M Hennes & Mauritz AB,1.7,3.6,4.8,28.3,61.1,85.6,119.3,33.9,,
E302CC44,AS,Australia,Apparel,Childrenswear,Inditex, Industria de Diseño Textil SA,0.6,0.7,0.6,10.4,11.8,11.6,15.3,-6.6,,
7992F2E1,AS,Australia,Apparel,Childrenswear,Nike Inc,0.5,0.5,0.5,7.5,8.2,9.3,11,8.8,,
AAF2EBA4,AS,Australia,Apparel,Childrenswear,adidas Group,0.4,0.5,0.5,7.1,7.8,9,11.1,10.7,,
75A5F83F,AS,Australia,Apparel,Childrenswear,Gap Inc, The,0.2,0.2,0.2,3.9,3.9,3.4,-0.3,-15,,
9EC2DD70,AS,Australia,Apparel,Childrenswear,Columbia Sportswear Co,0.2,0.2,0.2,2.7,2.6,2.7,-2,1.2,,
7E857179,AS,Australia,Apparel,Childrenswear,New Balance Athletic Shoe Inc,0.1,0.1,0.1,2,2.2,2.5,13.4,10.4,,
64AD1FC6,AS,Australia,Apparel,Menswear,adidas Group,0.9,0.9,1,37.3,40.7,47.2,11,11,,
537EA8A6,AS,Australia,Apparel,Menswear,Nike Inc,0.9,0.9,1,36.7,40.1,45.6,11,8.8,,
B8D412AC,AS,Australia,Apparel,Menswear,H&M Hennes & Mauritz AB,0.5,0.6,0.7,20.7,26.3,32.7,29.1,18.9,,
38F71ECD,AS,Australia,Apparel,Menswear,Inditex, Industria de Diseño Textil SA,0.5,0.5,0.5,19.6,22.2,21.7,15.3,-6.6,,
315FB298,AS,Australia,Apparel,Menswear,lululemon athletica inc,0.3,0.3,0.3,11.4,12.3,14.4,10,12.3,,
FD80931B,AS,Australia,Apparel,Menswear,New Balance Athletic Shoe Inc,0.2,0.3,0.3,9.9,11,12.8,13.5,10.9,,
3385B1ED,AS,Australia,Apparel,Menswear,Asics Corp,0.2,0.2,0.2,9.6,9.8,10.6,3.4,3.7,,
6E9CF859,AS,Australia,Apparel,Menswear,Columbia Sportswear Co,0.2,0.2,0.2,9.8,9.5,10,-2,1.2,,
8EFE6047,AS,Australia,Apparel,Menswear,Gap Inc, The,0.2,0.2,0.1,7.3,7.2,6.4,-0.4,-15,,
083BEB32,AS,Australia,Apparel,Menswear,American Apparel Inc,0.1,0.1,0,3.4,2.9,0,-15,0,,
E69C14FB,AS,Australia,Apparel,Menswear,Tommy Hilfiger Group,0,0,0,0,0,0,0,0,,
58807F6C,AS,Australia,Apparel,Womenswear,Inditex, Industria de Diseño Textil SA,1.7,1.9,0,118.9,134.9,0,15.3,0,,
D5E2113B,AS,Australia,Apparel,Womenswear,H&M Hennes & Mauritz AB,0.7,1,0,44.9,72.7,0,64.4,0,,
9AF7736E,AS,Australia,Apparel,Womenswear,lululemon athletica inc,0.7,0.8,0.9,50.5,54.6,0,10,0,,
AFD30D14,AS,Australia,Apparel,Womenswear,adidas Group,0.3,0.3,0.3,19.3,21.1,0,11.3,0,,
9053233F,AS,Australia,Apparel,Womenswear,Nike Inc,0.3,0.3,0.3,17.4,19,21.6,11,8.8,,
41FEE46B,AS,Australia,Apparel,Womenswear,Asics Corp,0.1,0.1,0.1,9.6,9.8,10.6,3.4,3.6,,
4343CBB4,AS,Australia,Apparel,Womenswear,Columbia Sportswear Co,0.1,0.1,0.1,8.9,8.6,9.1,-2,1.2,,
6B5A1568,AS,Australia,Apparel,Womenswear,Gap Inc, The,0.1,0.1,0.1,9.4,9.2,8.2,-0.3,-15,,
C557F48F,AS,Australia,Footwear,Children's Footwear,Nike Inc,3.7,4,4.4,12.6,13.5,15.7,9,10.7,,
B7E10933,AS,Australia,Footwear,Children's Footwear,adidas Group,2.1,2.5,2.8,7.1,8.5,9.9,21.2,11.8,,
913A1082,AS,Australia,Footwear,Children's Footwear,Asics Corp,1.9,2.2,2.3,6.4,7.5,8.3,18.6,5.4,,
EBB454E2,AS,Australia,Footwear,Children's Footwear,Skechers USA Inc,0.5,0.7,0.7,1.8,2.4,2.6,31.3,2.6,,
175DAEAA,AS,Australia,Footwear,Children's Footwear,Inditex, Industria de Diseño Textil SA,0.6,0.7,0.6,2,2.3,2.2,15.3,-6.6,,
497A6B37,AS,Australia,Footwear,Children's Footwear,New Balance Athletic Shoe Inc,0.4,0.5,0.5,1.5,1.7,1.9,13.6,8.4,,
887FC8D6,AS,Australia,Footwear,Men's Footwear,Nike Inc,11.5,12.5,14,108,117.8,139.7,10.9,13.4,,
EBA67154,AS,Australia,Footwear,Men's Footwear,adidas Group,11,12.3,13.2,102.9,116.2,132.1,14.8,8.7,,
8B830BED,AS,Australia,Footwear,Men's Footwear,Asics Corp,7.4,8.6,8.9,69.5,81,89.2,18.6,5.2,,
360B2B57,AS,Australia,Footwear,Men's Footwear,Skechers USA Inc,1.8,2.3,2.3,16.7,21.5,23,30.8,2.6,,
9B6A24B7,AS,Australia,Footwear,Men's Footwear,New Balance Athletic Shoe Inc,1.8,2,2.1,17,19,20.7,13.5,4.2,,
E01C3218,AS,Australia,Footwear,Men's Footwear,H&M Hennes & Mauritz AB,0,0.2,0.3,0.5,1.5,2.6,231.5,69.2,,
0BBF6D07,AS,Australia,Footwear,Men's Footwear,Columbia Sportswear Co,0.2,0.2,0.2,1.6,1.6,1.7,-1.8,1,,
7FAEEB7B,AS,Australia,Footwear,Men's Footwear,Inditex, Industria de Diseño Textil SA,0.2,0.2,0.2,1.5,1.7,1.6,15.3,-6.6,,
76DA8ACA,AS,Australia,Footwear,Women's Footwear,Nike Inc,4.8,5.3,6,85.2,92.9,110,10.9,13.3,,
A32FF1D6,AS,Australia,Footwear,Women's Footwear,Asics Corp,3,3.5,3.7,52.8,61.5,67.7,18.6,5.2,,
C769D01B,AS,Australia,Footwear,Women's Footwear,adidas Group,2.8,3.2,3.4,50,55.5,62.9,13,8.2,,
3858E788,AS,Australia,Footwear,Women's Footwear,Skechers USA Inc,1.1,1.4,1.4,18.6,23.8,25.6,30.6,2.6,,
5EAE7993,AS,Australia,Footwear,Women's Footwear,Deckers Outdoor Corp,1.1,1.2,1.2,19.5,20.7,22.9,8,5.5,,
2CBDE14A,AS,Australia,Footwear,Women's Footwear,New Balance Athletic Shoe Inc,0.8,0.9,1,13.5,15,17.6,13.5,12,,
9838161B,AS,Australia,Footwear,Women's Footwear,H&M Hennes & Mauritz AB,0.3,0.3,0.4,4.4,6,7.2,36.1,15,,
5.75E+263,AS,Australia,Footwear,Women's Footwear,Inditex, Industria de Diseño Textil SA,0.3,0.4,0.3,5.8,6.6,6.4,15.3,-6.6,,
3BDCB2BA,AS,Australia,Footwear,Women's Footwear,Brown Shoe Co Inc,0,0,0,0,0,0,0,0,,
F02D1AF6,AS,Australia,Sportswear,Sportswear,Nike Inc,9.6,10,10.7,277.5,301.8,353,10.6,11.8,,
447099A5,AS,Australia,Sportswear,Sportswear,adidas Group,8.1,8.7,9,233,260.6,298.1,13.7,9.4,,
3F42DDB0,AS,Australia,Sportswear,Sportswear,Asics Corp,5.2,5.7,5.7,150.5,172.2,189.2,16.4,5,,
C699BBA1,AS,Australia,Sportswear,Sportswear,lululemon athletica inc,2.3,2.4,2.6,66.5,71.9,84.4,10,12.3,,
025882A6,AS,Australia,Sportswear,Sportswear,New Balance Athletic Shoe Inc,1.7,1.8,1.9,48.6,54.3,61.7,13.5,8.7,,
1448161D,AS,Australia,Sportswear,Sportswear,Skechers USA Inc,1.3,1.6,1.5,37.1,47.7,51.2,30.7,2.6,,
1D13A5B0,AS,Australia,Sportswear,Sportswear,Columbia Sportswear Co,0.9,0.8,0.8,25.9,24.9,26.4,-2,1.2,,
41DD787C,LA,Argentina,Apparel,Childrenswear,Inditex, Industria de Diseño Textil SA,0.7,0.7,0.7,7.8,6.7,6.9,38.1,17.1,,
60988145,LA,Argentina,Apparel,Menswear,adidas Group,1.7,1.7,1.7,75.1,57.9,54.4,22.9,6.6,,
F74D4D30,LA,Argentina,Apparel,Menswear,Nike Inc,0.7,0.7,0.7,31.7,24.6,23.2,23.7,6.7,,
019500BC,LA,Argentina,Apparel,Menswear,Inditex, Industria de Diseño Textil SA,0.7,0.7,0.7,30,23.5,22.7,24.7,9.4,,
C44015EC,LA,Argentina,Apparel,Womenswear,adidas Group,0.8,0.8,0.8,53.2,40.6,38.1,21.6,6.4,,
DF322190,LA,Argentina,Apparel,Womenswear,Inditex, Industria de Diseño Textil SA,0.7,0.5,0.4,47.2,24.9,21.6,-15.9,-1.7,,
BDE2731B,LA,Argentina,Apparel,Womenswear,Nike Inc,0.3,0.3,0.3,22,15,12.7,9,-4.3,,
1FEDF026,LA,Argentina,Footwear,Children's Footwear,adidas Group,5.4,6,6.4,135.3,115.4,120.5,36.1,18.3,,
A5EDDFA9,LA,Argentina,Footwear,Children's Footwear,Inditex, Industria de Diseño Textil SA,0.2,0.2,0.2,5.4,4.1,4,20.9,12,,
23C8FC42,LA,Argentina,Footwear,Men's Footwear,adidas Group,8.3,8.8,8.9,349.9,279.1,276,27.2,12.1,,
DFD56E2E,LA,Argentina,Footwear,Men's Footwear,Nike Inc,7.1,7.6,7.9,298.4,242.6,243.4,29.6,13.7,,
CE9102B0,LA,Argentina,Footwear,Men's Footwear,Iconix Brand Group Inc,1.8,1.7,1.7,76.5,55.8,53.1,16.2,7.9,,
FB5B7C4B,LA,Argentina,Footwear,Men's Footwear,Asics Corp,1.1,1.1,1.1,46.8,34.9,33.6,18.9,9.1,,
6BB7D564,LA,Argentina,Footwear,Men's Footwear,New Balance Athletic Shoe Inc,0.7,0.8,0.8,29,24.2,24.6,33.2,15.1,,
AC644AFE,LA,Argentina,Footwear,Men's Footwear,Inditex, Industria de Diseño Textil SA,0.1,0.1,0.1,3.6,2.7,2.6,17.8,8.6,,
792DA05C,LA,Argentina,Footwear,Women's Footwear,Nike Inc,7.9,8.3,8.5,306.9,248.1,257.8,28.9,17.8,,
1CA4B160,LA,Argentina,Footwear,Women's Footwear,adidas Group,5,5.2,5.3,192.9,153.9,159,27.2,17.1,,
1E92DB9B,LA,Argentina,Footwear,Women's Footwear,Asics Corp,0.4,0.4,0.4,14.5,12,12.7,32.8,19.4,,
520B6363,LA,Argentina,Footwear,Women's Footwear,New Balance Athletic Shoe Inc,0.2,0.2,0.2,7.3,6,6.4,32.8,19.4,,
26877D7C,LA,Argentina,Footwear,Women's Footwear,Inditex, Industria de Diseño Textil SA,0.2,0.2,0.2,7.9,5.8,5.7,16.1,11.8,,
8FB674D7,LA,Argentina,Sportswear,Sportswear,adidas Group,22.9,24.1,24.5,813.3,650.6,650.7,27.6,13.4,,
6E2240DE,LA,Argentina,Sportswear,Sportswear,Nike Inc,18.9,20,20.6,671.6,540.6,546.8,28.3,14.7,,
B62E1A0C,LA,Argentina,Sportswear,Sportswear,Iconix Brand Group Inc,2.2,2.1,2,76.5,55.8,53.1,16.2,7.9,,
73F4190A,LA,Argentina,Sportswear,Sportswear,Asics Corp,1.7,1.7,1.7,61.3,46.9,46.3,22.1,11.8,,
85B8CFCC,LA,Argentina,Sportswear,Sportswear,New Balance Athletic Shoe Inc,1,1.1,1.2,36.2,30.2,30.9,33.1,15.9,,
D9A91E04,LA,Brazil,Apparel,Childrenswear,adidas Group,0.8,0.9,0.9,41.1,41.4,47.4,5.5,5.6,,
822C63E6,LA,Brazil,Apparel,Childrenswear,Inditex, Industria de Diseño Textil SA,0.8,0.9,0.8,44,43,46.7,2.6,0,,
BA998CD5,LA,Brazil,Apparel,Childrenswear,Nike Inc,0.8,0.9,0.7,44.2,42.1,39.2,0.1,-14.3,,
05E2910F,LA,Brazil,Apparel,Childrenswear,Under Armour Inc,0.1,0.2,0.2,5.3,7.7,10.4,53.9,23.3,,
F3B2ABF2,LA,Brazil,Apparel,Childrenswear,Fila Holding SpA,0.1,0.2,0.2,7.5,7.7,9.6,7.9,15,,
B8AF2204,LA,Brazil,Apparel,Menswear,adidas Group,5.2,5.9,5.8,414.1,418.6,482.1,6.1,6.1,,
3748A982,LA,Brazil,Apparel,Menswear,Nike Inc,3.2,3.4,2.7,255,243.1,225.9,0.1,-14.4,,
3B20CF98,LA,Brazil,Apparel,Menswear,Under Armour Inc,0.7,1.1,1.3,53.7,78.7,105.4,53.9,23.3,,
B6DFC790,LA,Brazil,Apparel,Menswear,Inditex, Industria de Diseño Textil SA,0.8,0.9,0.9,59.9,62.9,77.9,10.2,14.1,,
F5354DE0,LA,Brazil,Apparel,Menswear,Fila Holding SpA,0.6,0.7,0.7,47.7,49,61.2,7.9,15,,
8F0C6718,LA,Brazil,Apparel,Menswear,Iconix Brand Group Inc,0.2,0.5,0.5,17.4,35.7,44.5,115.7,15,,
DD3C3D1D,LA,Brazil,Apparel,Menswear,Lacoste SA,0,0,0,0,0,0,0,0,,
0B6ECAEF,LA,Brazil,Apparel,Menswear,Tommy Hilfiger Group,0,0,0,0,0,0,0,0,,
EF2BF270,LA,Brazil,Apparel,Womenswear,Inditex, Industria de Diseño Textil SA,1.6,1.9,2.1,206.2,216.6,268.9,10.2,14.4,,
73C8A255,LA,Brazil,Apparel,Womenswear,adidas Group,1.2,1.3,1.4,150.3,151.3,174.3,5.7,6.1,,
596648CB,LA,Brazil,Apparel,Womenswear,Nike Inc,1.3,1.4,1.1,164.5,156.9,145.8,0.1,-14.4,,
DC77B170,LA,Brazil,Apparel,Womenswear,Fila Holding SpA,0.3,0.4,0.4,44.3,45.3,56.3,7.2,14.7,,
F91AF6EA,LA,Brazil,Apparel,Womenswear,Under Armour Inc,0.1,0.1,0.1,7.1,14.6,18.3,115.7,15,,
7D822B16,LA,Brazil,Footwear,Children's Footwear,Nike Inc,9.5,8.9,7.2,177.1,168.7,157.7,-0.1,-13.9,,
3158113F,LA,Brazil,Footwear,Children's Footwear,adidas Group,2.6,2.5,2.5,47.8,46.7,54,2.6,6.4,,
41168FBE,LA,Brazil,Footwear,Children's Footwear,Iconix Brand Group Inc,0.5,1.1,1.1,9.8,20,25,115.7,15,,
FBB0B9F3,LA,Brazil,Footwear,Children's Footwear,Fila Holding SpA,0.7,0.7,0.8,13.5,13.9,17.3,7.9,15,,
862A2453,LA,Brazil,Footwear,Children's Footwear,Asics Corp,0.5,0.5,0.6,9.5,10.4,12.9,15,14.4,,
036D2735,LA,Brazil,Footwear,Children's Footwear,Under Armour Inc,0.3,0.4,0.4,4.8,7.1,9.5,53.9,23.3,,
CAFE59A1,LA,Brazil,Footwear,Children's Footwear,Inditex, Industria de Diseño Textil SA,0.2,0.2,0.2,3.9,4.1,4.9,8.8,9.9,,
681DAB31,EE,CzechRepublic,Apparel,Childrenswear,H&M Hennes & Mauritz AB,5.9,6.7,7.5,11.4,13.2,15.5,15.1,15.3,,
DDC17B5C,EE,CzechRepublic,Apparel,Childrenswear,Inditex, Industria de Diseño Textil SA,2.1,2.2,2.2,4.1,4.3,4.5,5,2.8,,
35A5DD73,EE,CzechRepublic,Apparel,Childrenswear,adidas Group,2.1,2.1,2.1,4.1,4.2,4.4,3.9,1.8,,
ED2C2BB7,EE,CzechRepublic,Apparel,Childrenswear,Nike Inc,0.4,0.4,0.4,0.8,0.8,0.8,0,5.8,,
88E547DA,EE,CzechRepublic,Apparel,Childrenswear,Tommy Hilfiger Group,0,0,0,0,0,0,0,0,,
76766808,EE,CzechRepublic,Apparel,Menswear,H&M Hennes & Mauritz AB,5.9,6.8,7.3,35.2,41.5,46.8,17.2,10.6,,
D6C85F28,EE,CzechRepublic,Apparel,Menswear,adidas Group,2.3,2.3,2.3,13.5,14,14.9,3.3,3.7,,
465DB0E6,EE,CzechRepublic,Apparel,Menswear,Inditex, Industria de Diseño Textil SA,1.6,1.7,1.7,9.6,10.2,10.7,5.7,2.9,,
1887771,EE,CzechRepublic,Apparel,Menswear,Nike Inc,1.1,1,1.1,6.3,6.3,6.8,-1,5.7,,
5256FE3A,EE,CzechRepublic,Apparel,Menswear,Columbia Sportswear Co,0.2,0.2,0.2,1.2,1.2,1.3,2.2,5.5,,
B583FE1C,EE,CzechRepublic,Apparel,Menswear,Asics Corp,0.1,0.2,0.2,0.9,1,1,8.9,1.3,,
FF00BFF4,EE,CzechRepublic,Apparel,Menswear,Tommy Hilfiger Group,0,0,0,0,0,0,0,0,,
4D7FFC6E,EE,CzechRepublic,Apparel,Womenswear,H&M Hennes & Mauritz AB,6.1,7.1,8.2,59,70.9,84.4,19.3,16.7,,
85A0686F,EE,CzechRepublic,Apparel,Womenswear,Inditex, Industria de Diseño Textil SA,2.9,3,3,27.6,29.5,31.2,6.4,3.6,,
1E16383B,EE,CzechRepublic,Apparel,Womenswear,adidas Group,1.2,1.2,1.3,11.2,12.4,13.1,9.9,3.7,,
6110F7E4,EE,CzechRepublic,Apparel,Womenswear,Nike Inc,0.5,0.5,0.5,4.9,4.9,5.2,-1,3.8,,
F074850F,EE,CzechRepublic,Apparel,Womenswear,Tommy Hilfiger Group,0,0,0,0,0,0,0,0,,
C6EB3920,EE,CzechRepublic,Footwear,Children's Footwear,adidas Group,5.7,6.3,6.6,4.7,5.4,6,14.1,7.4,,
F9C71B9F,EE,CzechRepublic,Footwear,Children's Footwear,Nike Inc,3.2,3.3,3.3,2.6,2.8,3,5.8,3.6,,
E907A70E,EE,CzechRepublic,Footwear,Children's Footwear,H&M Hennes & Mauritz AB,2,2.1,2.3,1.7,1.8,2,8.3,9,,
37F10947,EE,CzechRepublic,Footwear,Children's Footwear,Inditex, Industria de Diseño Textil SA,0.6,0.6,0.6,0.5,0.5,0.5,5.9,1.1,,
49052CF3,EE,CzechRepublic,Footwear,Children's Footwear,Asics Corp,0.4,0.4,0.4,0.3,0.3,0.3,8.9,1.7,,
9AD30DC6,EE,CzechRepublic,Footwear,Children's Footwear,New Balance Athletic Shoe Inc,0.2,0.3,0.3,0.2,0.2,0.3,15,25.9,,
7A7F3535,EE,CzechRepublic,Footwear,Men's Footwear,adidas Group,11.4,12.7,13.6,23.7,27.3,30.7,14.1,10.4,,
24927A05,EE,CzechRepublic,Footwear,Men's Footwear,Nike Inc,6.5,6.7,6.7,13.5,14.4,15.1,5.7,2.6,,
AC50BCDF,EE,CzechRepublic,Footwear,Men's Footwear,Asics Corp,3.3,3.5,3.6,6.9,7.6,8.1,8.9,4.8,,
6.86E+296,EE,CzechRepublic,Footwear,Men's Footwear,New Balance Athletic Shoe Inc,0.9,1,1.1,1.9,2.2,2.5,15,10.9,,
8CE95DB7,EE,CzechRepublic,Footwear,Men's Footwear,Inditex, Industria de Diseño Textil SA,0.6,0.7,0.6,1.3,1.4,1.4,7.6,0,,
CF0EBF2C,EE,CzechRepublic,Footwear,Men's Footwear,H&M Hennes & Mauritz AB,0.5,0.6,0.6,1.1,1.2,1.3,4.3,7.9,,
249481C3,EE,CzechRepublic,Footwear,Men's Footwear,Columbia Sportswear Co,0.2,0.2,0.2,0.4,0.4,0.4,2,-0.4,,
6A3841CB,EE,CzechRepublic,Footwear,Men's Footwear,Tommy Hilfiger Group,0,0,0,0,0,0,0,0,,
11E23AA1,EE,CzechRepublic,Footwear,Women's Footwear,adidas Group,4.2,4.8,4.9,16.9,20,21.7,18.1,6,,
0EAD05E7,EE,CzechRepublic,Footwear,Women's Footwear,Nike Inc,2.6,2.6,2.7,10.4,11.1,12.1,5.8,7.3,,
E364663A,EE,CzechRepublic,Footwear,Women's Footwear,H&M Hennes & Mauritz AB,2.4,2.5,2.7,9.6,10.5,11.8,8.9,10.1,,
FA445DDF,EE,CzechRepublic,Footwear,Women's Footwear,Asics Corp,1.5,1.6,1.7,6,6.6,7.4,8.9,9.1,,
BDEA1F09,EE,CzechRepublic,Footwear,Women's Footwear,Inditex, Industria de Diseño Textil SA,1.1,1.2,1.2,4.6,5,5.3,8.3,3.7,,
80095FDB,EE,CzechRepublic,Footwear,Women's Footwear,New Balance Athletic Shoe Inc,0.4,0.4,0.4,1.4,1.7,1.8,17.6,3,,
F28EA7EA,EE,CzechRepublic,Footwear,Women's Footwear,Tommy Hilfiger Group,0,0,0,0,0,0,0,0,,
8CFEFB10,EE,CzechRepublic,Sportswear,Sportswear,adidas Group,11.9,12.9,13.2,76.3,85.7,93.1,11.6,6.5,,
EB904199,EE,CzechRepublic,Sportswear,Sportswear,Nike Inc,6.1,6.2,6.2,39.3,40.9,43.7,3.6,4.6,,
4C3DB142,EE,CzechRepublic,Sportswear,Sportswear,Asics Corp,2.3,2.4,2.5,14.7,16.1,17.5,8.9,6.2,,
ED36AC03,EE,CzechRepublic,Sportswear,Sportswear,H&M Hennes & Mauritz AB,1.4,1.8,2.1,8.7,12.2,14.9,38.6,20,,
99DBC4F2,EE,CzechRepublic,Sportswear,Sportswear,New Balance Athletic Shoe Inc,0.6,0.6,0.7,3.5,4.1,4.6,16,8.5,,
88583694,EE,CzechRepublic,Sportswear,Sportswear,Columbia Sportswear Co,0.4,0.4,0.4,2.6,2.7,2.8,2.2,2.4,,
39C9EF09,EE,CzechRepublic,Sportswear,Sportswear,Inditex, Industria de Diseño Textil SA,0.2,0.2,0.3,1.3,1.6,1.8,24.4,10.1,,
7187A16D,EE,Hungary,Apparel,Childrenswear,H&M Hennes & Mauritz AB,6.2,7,7.6,7.6,8.7,10,15,11,,
27DBF5B3,EE,Hungary,Apparel,Childrenswear,Inditex, Industria de Diseño Textil SA,3.3,3.1,3.9,4.1,3.9,5.1,-3.7,27.4,,
59E43AD7,EE,Hungary,Apparel,Childrenswear,adidas Group,1.7,2.2,2.4,2.1,2.7,3.2,31,15,,
A1D5AE7D,EE,Hungary,Apparel,Childrenswear,Nike Inc,1.6,1.6,1.5,1.9,1.9,2,0.3,0.2,,
B828F1B1,EE,Hungary,Apparel,Childrenswear,Columbia Sportswear Co,0.4,0.4,0.4,0.5,0.5,0.5,8,8,,
68CA4C25,EE,Hungary,Apparel,Childrenswear,Tommy Hilfiger Group,0,0,0,0,0,0,0,0,,
712E4DD0,EE,Hungary,Apparel,Menswear,H&M Hennes & Mauritz AB,7.2,8,8.2,36.1,44.4,50.7,23.7,10.9,,
DDA501BA,EE,Hungary,Apparel,Menswear,Inditex, Industria de Diseño Textil SA,4.8,4.8,4.7,24.2,26.4,29.2,9.8,7.2,,
79DE853F,EE,Hungary,Apparel,Menswear,Nike Inc,2.5,2.3,2.1,12.5,12.6,13.2,1.6,1.2,,
1A8F52C5,EE,Hungary,Apparel,Menswear,adidas Group,1.5,1.8,1.9,7.8,10,11.9,29,15.4,,
D0DA1D60,EE,Hungary,Apparel,Menswear,Columbia Sportswear Co,0.7,0.8,0.8,3.7,4.2,4.8,15,10,,
A15AA867,EE,Hungary,Apparel,Menswear,Asics Corp,0.2,0.3,0.3,0.9,1.5,2.1,67.6,36,,
2EFED4F4,EE,Hungary,Apparel,Menswear,New Balance Athletic Shoe Inc,0.3,0.3,0.3,1.4,1.7,2,22.6,13.6,,
1B57F5DF,EE,Hungary,Apparel,Menswear,Gap Inc, The,0.4,0.3,0.1,2,1.8,0.4,-9.2,-80.1,,
22E9BE4C,EE,Hungary,Apparel,Menswear,Tommy Hilfiger Group,0,0,0,0,0,0,0,0,,
82618CDF,EE,Hungary,Apparel,Womenswear,H&M Hennes & Mauritz AB,9.4,11.2,12,78.1,99.8,119,28.8,15.7,,
BFA8CCAD,EE,Hungary,Apparel,Womenswear,Inditex, Industria de Diseño Textil SA,9.1,9,9.4,75.7,80.3,92.9,6.9,12.1,,
BA886999,EE,Hungary,Apparel,Womenswear,adidas Group,0.5,0.6,0.7,3.9,5.5,6.8,42.2,20,,
D95F38E4,EE,Hungary,Apparel,Womenswear,Nike Inc,0.6,0.6,0.5,5.2,5.2,5.5,1,1.5,,
9917939D,EE,Hungary,Apparel,Womenswear,Columbia Sportswear Co,0.3,0.3,0.3,2.3,2.6,2.9,13,9,,
EEE37EEF,EE,Hungary,Apparel,Womenswear,New Balance Athletic Shoe Inc,0.3,0.3,0.3,2.7,2.5,2.6,-7.4,0.9,,
D5B56150,EE,Hungary,Apparel,Womenswear,Asics Corp,0.2,0.2,0.1,1.4,1.4,1.5,6.1,-0.1,,
3C94E0C2,EE,Hungary,Apparel,Womenswear,Gap Inc, The,0.2,0.2,0,1.5,1.4,0.4,-11.2,-72.3,,
C693B86E,EE,Hungary,Apparel,Womenswear,Tommy Hilfiger Group,0,0,0,0,0,0,0,0,,
2611A515,EE,Hungary,Footwear,Children's Footwear,Nike Inc,6,5.7,5.5,3.1,3.2,3.3,2.3,1.1,,
